entity_a,entity_b,weight,level
Sixth Assessment Report,COP,1.0,document
Sixth Assessment Report,1.5 degrees,1.0,document
Sixth Assessment Report,March 2023,1.0,document
Sixth Assessment Report,2030,1.0,document
Sixth Assessment Report,Antonio Guterres,1.0,document
Sixth Assessment Report,IPCC,1.0,document
COP,1.5 degrees,1.0,document
COP,March 2023,1.0,document
COP,2030,1.0,document
COP,Antonio Guterres,1.0,document
COP,IPCC,1.0,document
1.5 degrees,March 2023,1.0,document
1.5 degrees,2030,2.0,document
1.5 degrees,Antonio Guterres,1.0,document
1.5 degrees,IPCC,1.0,document
March 2023,2030,1.0,document
March 2023,Antonio Guterres,1.0,document
March 2023,IPCC,1.0,document
2030,Antonio Guterres,1.0,document
2030,IPCC,2.0,document
Antonio Guterres,IPCC,1.0,document
Sixth Assessment Report,1.5 degrees,2.0,sentence
Sixth Assessment Report,March 2023,2.0,sentence
Sixth Assessment Report,2030,2.0,sentence
Sixth Assessment Report,IPCC,2.0,sentence
1.5 degrees,March 2023,2.0,sentence
1.5 degrees,2030,4.0,sentence
1.5 degrees,IPCC,2.0,sentence
March 2023,2030,2.0,sentence
March 2023,IPCC,2.0,sentence
2030,IPCC,2.0,sentence
COP,Antonio Guterres,2.0,sentence
two weeks,The United Arab Emirates,1.0,document
two weeks,Dubai,1.0,document
two weeks,190,1.0,document
two weeks,2030,1.0,document
The United Arab Emirates,Dubai,1.0,document
The United Arab Emirates,190,1.0,document
The United Arab Emirates,2030,1.0,document
Dubai,190,1.0,document
Dubai,2030,1.0,document
190,2030,1.0,document
Dubai,190,2.0,sentence
two weeks,The United Arab Emirates,2.0,sentence
$12.5 billion,The World Bank,1.0,document
$12.5 billion,World Bank,1.0,document
$12.5 billion,June 2024,1.0,document
$12.5 billion,Sub-Saharan Africa,1.0,document
$12.5 billion,Ajay Banga,1.0,document
$12.5 billion,South Asia,1.0,document
The World Bank,World Bank,1.0,document
The World Bank,June 2024,1.0,document
The World Bank,Sub-Saharan Africa,1.0,document
The World Bank,Ajay Banga,1.0,document
The World Bank,South Asia,1.0,document
World Bank,June 2024,1.0,document
World Bank,Sub-Saharan Africa,1.0,document
World Bank,Ajay Banga,1.0,document
World Bank,South Asia,1.0,document
June 2024,Sub-Saharan Africa,1.0,document
June 2024,Ajay Banga,1.0,document
June 2024,South Asia,1.0,document
Sub-Saharan Africa,Ajay Banga,1.0,document
Sub-Saharan Africa,South Asia,1.0,document
Ajay Banga,South Asia,1.0,document
$12.5 billion,The World Bank,2.0,sentence
$12.5 billion,June 2024,2.0,sentence
$12.5 billion,Sub-Saharan Africa,2.0,sentence
$12.5 billion,South Asia,2.0,sentence
The World Bank,June 2024,2.0,sentence
The World Bank,Sub-Saharan Africa,2.0,sentence
The World Bank,South Asia,2.0,sentence
June 2024,Sub-Saharan Africa,2.0,sentence
June 2024,South Asia,2.0,sentence
Sub-Saharan Africa,South Asia,2.0,sentence
World Bank,Ajay Banga,2.0,sentence
31%,the European Union,1.0,document
31%,2022,1.0,document
31%,2030,1.0,document
31%,Jordan,1.0,document
31%,The Ministry of Environment,1.0,document
31%,National Climate Change Policy,1.0,document
31%,UNDP,1.0,document
the European Union,2022,2.0,document
the European Union,2030,1.0,document
the European Union,Jordan,1.0,document
the European Union,The Ministry of Environment,1.0,document
the European Union,National Climate Change Policy,1.0,document
the European Union,UNDP,1.0,document
2022,2030,3.0,document
2022,Jordan,1.0,document
2022,The Ministry of Environment,1.0,document
2022,National Climate Change Policy,1.0,document
2022,UNDP,1.0,document
2030,Jordan,4.0,document
2030,The Ministry of Environment,1.0,document
2030,National Climate Change Policy,1.0,document
2030,UNDP,1.0,document
Jordan,The Ministry of Environment,1.0,document
Jordan,National Climate Change Policy,1.0,document
Jordan,UNDP,1.0,document
The Ministry of Environment,National Climate Change Policy,1.0,document
The Ministry of Environment,UNDP,1.0,document
National Climate Change Policy,UNDP,1.0,document
31%,2022,2.0,sentence
31%,2030,2.0,sentence
31%,Jordan,2.0,sentence
31%,National Climate Change Policy,2.0,sentence
2022,2030,6.0,sentence
2022,Jordan,2.0,sentence
2022,National Climate Change Policy,2.0,sentence
2030,Jordan,4.0,sentence
2030,National Climate Change Policy,2.0,sentence
Jordan,National Climate Change Policy,2.0,sentence
The Ministry of Environment,the European Union,2.0,sentence
The Ministry of Environment,UNDP,2.0,sentence
the European Union,UNDP,2.0,sentence
the Paris Agreement,Simon Stiell,1.0,document
the Paris Agreement,June 2024,1.0,document
the Paris Agreement,February 2025,1.0,document
the Paris Agreement,the Bonn Climate Change Conference,1.0,document
the Paris Agreement,UNFCCC,1.0,document
Simon Stiell,June 2024,1.0,document
Simon Stiell,February 2025,1.0,document
Simon Stiell,the Bonn Climate Change Conference,1.0,document
Simon Stiell,UNFCCC,1.0,document
June 2024,February 2025,1.0,document
June 2024,the Bonn Climate Change Conference,1.0,document
June 2024,UNFCCC,1.0,document
February 2025,the Bonn Climate Change Conference,1.0,document
February 2025,UNFCCC,1.0,document
the Bonn Climate Change Conference,UNFCCC,1.0,document
the Paris Agreement,Simon Stiell,2.0,sentence
the Paris Agreement,June 2024,2.0,sentence
the Paris Agreement,the Bonn Climate Change Conference,2.0,sentence
the Paris Agreement,UNFCCC,2.0,sentence
Simon Stiell,June 2024,2.0,sentence
Simon Stiell,the Bonn Climate Change Conference,2.0,sentence
Simon Stiell,UNFCCC,2.0,sentence
June 2024,the Bonn Climate Change Conference,2.0,sentence
June 2024,UNFCCC,2.0,sentence
the Bonn Climate Change Conference,UNFCCC,2.0,sentence
The European Union's,EU,1.0,document
The European Union's,January 2026,1.0,document
The European Union's,October 2023,1.0,document
The European Union's,Carbon Border Adjustment Mechanism,1.0,document
EU,January 2026,1.0,document
EU,October 2023,1.0,document
EU,Carbon Border Adjustment Mechanism,1.0,document
January 2026,October 2023,1.0,document
January 2026,Carbon Border Adjustment Mechanism,1.0,document
October 2023,Carbon Border Adjustment Mechanism,1.0,document
The European Union's,October 2023,2.0,sentence
The European Union's,Carbon Border Adjustment Mechanism,2.0,sentence
October 2023,Carbon Border Adjustment Mechanism,2.0,sentence
the United Nations General Assembly,the Paris Agreement,1.0,document
the United Nations General Assembly,the Climate Ambition Summit,1.0,document
the United Nations General Assembly,September 2023,1.0,document
the United Nations General Assembly,New York,1.0,document
the Paris Agreement,the Climate Ambition Summit,1.0,document
the Paris Agreement,September 2023,1.0,document
the Paris Agreement,New York,1.0,document
the Climate Ambition Summit,September 2023,1.0,document
the Climate Ambition Summit,New York,1.0,document
September 2023,New York,1.0,document
New York,September 2023,2.0,sentence
New York,the Climate Ambition Summit,2.0,sentence
New York,the United Nations General Assembly,2.0,sentence
September 2023,the Climate Ambition Summit,2.0,sentence
September 2023,the United Nations General Assembly,2.0,sentence
the Climate Ambition Summit,the United Nations General Assembly,2.0,sentence
annual,Qu Dongyu,1.0,document
annual,2022,2.0,document
annual,FAO,1.0,document
annual,735 million,1.0,document
annual,State of Food and Agriculture 2023,1.0,document
annual,$4 billion,1.0,document
Qu Dongyu,2022,1.0,document
Qu Dongyu,FAO,1.0,document
Qu Dongyu,735 million,1.0,document
Qu Dongyu,State of Food and Agriculture 2023,1.0,document
Qu Dongyu,$4 billion,1.0,document
2022,FAO,1.0,document
2022,735 million,1.0,document
2022,State of Food and Agriculture 2023,1.0,document
2022,$4 billion,1.0,document
FAO,735 million,1.0,document
FAO,State of Food and Agriculture 2023,1.0,document
FAO,$4 billion,1.0,document
735 million,State of Food and Agriculture 2023,1.0,document
735 million,$4 billion,1.0,document
State of Food and Agriculture 2023,$4 billion,1.0,document
FAO,State of Food and Agriculture 2023,2.0,sentence
735 million,2022,2.0,sentence
FAO,annual,2.0,sentence
FAO,$4 billion,2.0,sentence
FAO,Qu Dongyu,2.0,sentence
annual,$4 billion,2.0,sentence
annual,Qu Dongyu,2.0,sentence
$4 billion,Qu Dongyu,2.0,sentence
Bangladesh,South Korea,1.0,document
Bangladesh,October 2023,1.0,document
Bangladesh,$45 million,1.0,document
Bangladesh,$1.2 billion,1.0,document
Bangladesh,Jordan,1.0,document
Bangladesh,Songdo,1.0,document
Bangladesh,$150 million,1.0,document
Bangladesh,$90 million,1.0,document
Bangladesh,$12 billion,1.0,document
Bangladesh,the Congo Basin,1.0,document
Bangladesh,The Green Climate Fund,1.0,document
South Korea,October 2023,1.0,document
South Korea,$45 million,1.0,document
South Korea,$1.2 billion,1.0,document
South Korea,Jordan,1.0,document
South Korea,Songdo,1.0,document
South Korea,$150 million,1.0,document
South Korea,$90 million,1.0,document
South Korea,$12 billion,1.0,document
South Korea,the Congo Basin,1.0,document
South Korea,The Green Climate Fund,1.0,document
October 2023,$45 million,1.0,document
October 2023,$1.2 billion,1.0,document
October 2023,Jordan,1.0,document
October 2023,Songdo,1.0,document
October 2023,$150 million,1.0,document
October 2023,$90 million,1.0,document
October 2023,$12 billion,1.0,document
October 2023,the Congo Basin,1.0,document
October 2023,The Green Climate Fund,1.0,document
$45 million,$1.2 billion,1.0,document
$45 million,Jordan,1.0,document
$45 million,Songdo,1.0,document
$45 million,$150 million,1.0,document
$45 million,$90 million,1.0,document
$45 million,$12 billion,1.0,document
$45 million,the Congo Basin,1.0,document
$45 million,The Green Climate Fund,1.0,document
$1.2 billion,Jordan,1.0,document
$1.2 billion,Songdo,1.0,document
$1.2 billion,$150 million,1.0,document
$1.2 billion,$90 million,1.0,document
$1.2 billion,$12 billion,1.0,document
$1.2 billion,the Congo Basin,1.0,document
$1.2 billion,The Green Climate Fund,1.0,document
Jordan,Songdo,1.0,document
Jordan,$150 million,1.0,document
Jordan,$90 million,1.0,document
Jordan,$12 billion,1.0,document
Jordan,the Congo Basin,1.0,document
Jordan,The Green Climate Fund,1.0,document
Songdo,$150 million,1.0,document
Songdo,$90 million,1.0,document
Songdo,$12 billion,1.0,document
Songdo,the Congo Basin,1.0,document
Songdo,The Green Climate Fund,1.0,document
$150 million,$90 million,1.0,document
$150 million,$12 billion,1.0,document
$150 million,the Congo Basin,1.0,document
$150 million,The Green Climate Fund,1.0,document
$90 million,$12 billion,1.0,document
$90 million,the Congo Basin,1.0,document
$90 million,The Green Climate Fund,1.0,document
$12 billion,the Congo Basin,1.0,document
$12 billion,The Green Climate Fund,1.0,document
the Congo Basin,The Green Climate Fund,1.0,document
South Korea,October 2023,2.0,sentence
South Korea,$1.2 billion,2.0,sentence
South Korea,Songdo,2.0,sentence
South Korea,The Green Climate Fund,2.0,sentence
October 2023,$1.2 billion,2.0,sentence
October 2023,Songdo,2.0,sentence
October 2023,The Green Climate Fund,2.0,sentence
$1.2 billion,Songdo,2.0,sentence
$1.2 billion,The Green Climate Fund,2.0,sentence
Songdo,The Green Climate Fund,2.0,sentence
Bangladesh,$90 million,2.0,sentence
Bangladesh,Jordan,2.0,sentence
Bangladesh,$150 million,2.0,sentence
Bangladesh,$45 million,2.0,sentence
Bangladesh,the Congo Basin,2.0,sentence
$90 million,Jordan,2.0,sentence
$90 million,$150 million,2.0,sentence
$90 million,$45 million,2.0,sentence
$90 million,the Congo Basin,2.0,sentence
Jordan,$150 million,2.0,sentence
Jordan,$45 million,2.0,sentence
Jordan,the Congo Basin,2.0,sentence
$150 million,$45 million,2.0,sentence
$150 million,the Congo Basin,2.0,sentence
$45 million,the Congo Basin,2.0,sentence
November 2023,the Paris Agreement,1.0,document
November 2023,US,1.0,document
November 2023,California,1.0,document
November 2023,Change Xie Zhenhua,1.0,document
November 2023,Sunnylands,1.0,document
November 2023,China,1.0,document
November 2023,John Kerry,1.0,document
the Paris Agreement,US,1.0,document
the Paris Agreement,California,1.0,document
the Paris Agreement,Change Xie Zhenhua,1.0,document
the Paris Agreement,Sunnylands,1.0,document
the Paris Agreement,China,1.0,document
the Paris Agreement,John Kerry,1.0,document
US,California,1.0,document
US,Change Xie Zhenhua,1.0,document
US,Sunnylands,1.0,document
US,China,1.0,document
US,John Kerry,1.0,document
California,Change Xie Zhenhua,1.0,document
California,Sunnylands,1.0,document
California,China,1.0,document
California,John Kerry,1.0,document
Change Xie Zhenhua,Sunnylands,1.0,document
Change Xie Zhenhua,China,1.0,document
Change Xie Zhenhua,John Kerry,1.0,document
Sunnylands,China,1.0,document
Sunnylands,John Kerry,1.0,document
China,John Kerry,1.0,document
November 2023,US,2.0,sentence
November 2023,California,2.0,sentence
November 2023,Change Xie Zhenhua,2.0,sentence
November 2023,Sunnylands,2.0,sentence
November 2023,China,2.0,sentence
November 2023,John Kerry,2.0,sentence
US,California,2.0,sentence
US,Change Xie Zhenhua,2.0,sentence
US,Sunnylands,2.0,sentence
US,China,2.0,sentence
US,John Kerry,2.0,sentence
California,Change Xie Zhenhua,2.0,sentence
California,Sunnylands,2.0,sentence
California,China,2.0,sentence
California,John Kerry,2.0,sentence
Change Xie Zhenhua,Sunnylands,2.0,sentence
Change Xie Zhenhua,China,2.0,sentence
Change Xie Zhenhua,John Kerry,2.0,sentence
Sunnylands,China,2.0,sentence
Sunnylands,John Kerry,2.0,sentence
China,John Kerry,2.0,sentence
Goddard Institute for Space Studies,1.48 degrees Celsius,1.0,document
Goddard Institute for Space Studies,the warmest year,1.0,document
Goddard Institute for Space Studies,1850-1900,1.0,document
Goddard Institute for Space Studies,July 2023,1.0,document
Goddard Institute for Space Studies,El Nino,1.0,document
Goddard Institute for Space Studies,2023,1.0,document
Goddard Institute for Space Studies,the Middle East,1.0,document
Goddard Institute for Space Studies,mid-2023,1.0,document
Goddard Institute for Space Studies,the hottest month,1.0,document
Goddard Institute for Space Studies,Southern Europe,1.0,document
Goddard Institute for Space Studies,NASA,1.0,document
Goddard Institute for Space Studies,North Africa,1.0,document
1.48 degrees Celsius,the warmest year,1.0,document
1.48 degrees Celsius,1850-1900,1.0,document
1.48 degrees Celsius,July 2023,1.0,document
1.48 degrees Celsius,El Nino,1.0,document
1.48 degrees Celsius,2023,1.0,document
1.48 degrees Celsius,the Middle East,1.0,document
1.48 degrees Celsius,mid-2023,1.0,document
1.48 degrees Celsius,the hottest month,1.0,document
1.48 degrees Celsius,Southern Europe,1.0,document
1.48 degrees Celsius,NASA,1.0,document
1.48 degrees Celsius,North Africa,1.0,document
the warmest year,1850-1900,1.0,document
the warmest year,July 2023,1.0,document
the warmest year,El Nino,1.0,document
the warmest year,2023,1.0,document
the warmest year,the Middle East,1.0,document
the warmest year,mid-2023,1.0,document
the warmest year,the hottest month,1.0,document
the warmest year,Southern Europe,1.0,document
the warmest year,NASA,1.0,document
the warmest year,North Africa,1.0,document
1850-1900,July 2023,1.0,document
1850-1900,El Nino,1.0,document
1850-1900,2023,2.0,document
1850-1900,the Middle East,1.0,document
1850-1900,mid-2023,1.0,document
1850-1900,the hottest month,1.0,document
1850-1900,Southern Europe,1.0,document
1850-1900,NASA,1.0,document
1850-1900,North Africa,1.0,document
July 2023,El Nino,1.0,document
July 2023,2023,1.0,document
July 2023,the Middle East,2.0,document
July 2023,mid-2023,1.0,document
July 2023,the hottest month,1.0,document
July 2023,Southern Europe,2.0,document
July 2023,NASA,1.0,document
July 2023,North Africa,2.0,document
El Nino,2023,1.0,document
El Nino,the Middle East,2.0,document
El Nino,mid-2023,1.0,document
El Nino,the hottest month,1.0,document
El Nino,Southern Europe,1.0,document
El Nino,NASA,1.0,document
El Nino,North Africa,1.0,document
2023,the Middle East,1.0,document
2023,mid-2023,1.0,document
2023,the hottest month,1.0,document
2023,Southern Europe,1.0,document
2023,NASA,1.0,document
2023,North Africa,3.0,document
the Middle East,mid-2023,1.0,document
the Middle East,the hottest month,1.0,document
the Middle East,Southern Europe,2.0,document
the Middle East,NASA,1.0,document
the Middle East,North Africa,2.0,document
mid-2023,the hottest month,1.0,document
mid-2023,Southern Europe,1.0,document
mid-2023,NASA,1.0,document
mid-2023,North Africa,1.0,document
the hottest month,Southern Europe,1.0,document
the hottest month,NASA,1.0,document
the hottest month,North Africa,1.0,document
Southern Europe,NASA,1.0,document
Southern Europe,North Africa,2.0,document
NASA,North Africa,1.0,document
Goddard Institute for Space Studies,1.48 degrees Celsius,2.0,sentence
Goddard Institute for Space Studies,the warmest year,2.0,sentence
Goddard Institute for Space Studies,1850-1900,2.0,sentence
Goddard Institute for Space Studies,2023,2.0,sentence
Goddard Institute for Space Studies,NASA,2.0,sentence
1.48 degrees Celsius,the warmest year,2.0,sentence
1.48 degrees Celsius,1850-1900,2.0,sentence
1.48 degrees Celsius,2023,2.0,sentence
1.48 degrees Celsius,NASA,2.0,sentence
the warmest year,1850-1900,2.0,sentence
the warmest year,2023,2.0,sentence
the warmest year,NASA,2.0,sentence
1850-1900,2023,2.0,sentence
1850-1900,NASA,2.0,sentence
2023,NASA,2.0,sentence
El Nino,the Middle East,2.0,sentence
El Nino,mid-2023,2.0,sentence
El Nino,Southern Europe,2.0,sentence
El Nino,North Africa,2.0,sentence
the Middle East,mid-2023,2.0,sentence
the Middle East,Southern Europe,4.0,sentence
the Middle East,North Africa,4.0,sentence
mid-2023,Southern Europe,2.0,sentence
mid-2023,North Africa,2.0,sentence
Southern Europe,North Africa,4.0,sentence
the hottest month,July 2023,2.0,sentence
GRACE,approximately 0.7 millimeters,1.0,document
GRACE,GRACE-FO,1.0,document
GRACE,January 2024,1.0,document
GRACE,between 2006 and 2022,1.0,document
GRACE,2010,1.0,document
GRACE,Science,1.0,document
GRACE,approximately 270 billion tonnes,1.0,document
GRACE,the Greenland Ice Sheet,1.0,document
approximately 0.7 millimeters,GRACE-FO,1.0,document
approximately 0.7 millimeters,January 2024,1.0,document
approximately 0.7 millimeters,between 2006 and 2022,1.0,document
approximately 0.7 millimeters,2010,1.0,document
approximately 0.7 millimeters,Science,1.0,document
approximately 0.7 millimeters,approximately 270 billion tonnes,1.0,document
approximately 0.7 millimeters,the Greenland Ice Sheet,1.0,document
GRACE-FO,January 2024,1.0,document
GRACE-FO,between 2006 and 2022,1.0,document
GRACE-FO,2010,1.0,document
GRACE-FO,Science,1.0,document
GRACE-FO,approximately 270 billion tonnes,1.0,document
GRACE-FO,the Greenland Ice Sheet,1.0,document
January 2024,between 2006 and 2022,1.0,document
January 2024,2010,1.0,document
January 2024,Science,1.0,document
January 2024,approximately 270 billion tonnes,1.0,document
January 2024,the Greenland Ice Sheet,1.0,document
between 2006 and 2022,2010,1.0,document
between 2006 and 2022,Science,1.0,document
between 2006 and 2022,approximately 270 billion tonnes,1.0,document
between 2006 and 2022,the Greenland Ice Sheet,1.0,document
2010,Science,1.0,document
2010,approximately 270 billion tonnes,1.0,document
2010,the Greenland Ice Sheet,1.0,document
Science,approximately 270 billion tonnes,1.0,document
Science,the Greenland Ice Sheet,2.0,document
approximately 270 billion tonnes,the Greenland Ice Sheet,1.0,document
January 2024,between 2006 and 2022,2.0,sentence
January 2024,Science,2.0,sentence
January 2024,approximately 270 billion tonnes,2.0,sentence
January 2024,the Greenland Ice Sheet,2.0,sentence
between 2006 and 2022,Science,2.0,sentence
between 2006 and 2022,approximately 270 billion tonnes,2.0,sentence
between 2006 and 2022,the Greenland Ice Sheet,2.0,sentence
Science,approximately 270 billion tonnes,2.0,sentence
Science,the Greenland Ice Sheet,2.0,sentence
approximately 270 billion tonnes,the Greenland Ice Sheet,2.0,sentence
GRACE-FO,approximately 0.7 millimeters,2.0,sentence
GRACE-FO,GRACE,2.0,sentence
approximately 0.7 millimeters,GRACE,2.0,sentence
sixth,Boulder,1.0,document
sixth,Arctic sea,1.0,document
sixth,15,1.0,document
sixth,Arctic,1.0,document
sixth,Colorado,1.0,document
sixth,the last 15 years,1.0,document
sixth,the National Snow and Ice Data Center,1.0,document
sixth,September 2023,1.0,document
Boulder,Arctic sea,1.0,document
Boulder,15,1.0,document
Boulder,Arctic,1.0,document
Boulder,Colorado,1.0,document
Boulder,the last 15 years,1.0,document
Boulder,the National Snow and Ice Data Center,1.0,document
Boulder,September 2023,1.0,document
Arctic sea,15,1.0,document
Arctic sea,Arctic,1.0,document
Arctic sea,Colorado,1.0,document
Arctic sea,the last 15 years,1.0,document
Arctic sea,the National Snow and Ice Data Center,1.0,document
Arctic sea,September 2023,1.0,document
15,Arctic,1.0,document
15,Colorado,1.0,document
15,the last 15 years,1.0,document
15,the National Snow and Ice Data Center,1.0,document
15,September 2023,1.0,document
Arctic,Colorado,1.0,document
Arctic,the last 15 years,1.0,document
Arctic,the National Snow and Ice Data Center,1.0,document
Arctic,September 2023,1.0,document
Colorado,the last 15 years,1.0,document
Colorado,the National Snow and Ice Data Center,1.0,document
Colorado,September 2023,1.0,document
the last 15 years,the National Snow and Ice Data Center,1.0,document
the last 15 years,September 2023,1.0,document
the National Snow and Ice Data Center,September 2023,1.0,document
sixth,Boulder,2.0,sentence
sixth,Arctic,2.0,sentence
sixth,Colorado,2.0,sentence
sixth,the National Snow and Ice Data Center,2.0,sentence
sixth,September 2023,2.0,sentence
Boulder,Arctic,2.0,sentence
Boulder,Colorado,2.0,sentence
Boulder,the National Snow and Ice Data Center,2.0,sentence
Boulder,September 2023,2.0,sentence
Arctic,Colorado,2.0,sentence
Arctic,the National Snow and Ice Data Center,2.0,sentence
Arctic,September 2023,2.0,sentence
Colorado,the National Snow and Ice Data Center,2.0,sentence
Colorado,September 2023,2.0,sentence
the National Snow and Ice Data Center,September 2023,2.0,sentence
Arctic sea,15,2.0,sentence
Arctic sea,the last 15 years,2.0,sentence
15,the last 15 years,2.0,sentence
the Great Barrier Reef Foundation,March 2024,1.0,document
the Great Barrier Reef Foundation,75%,1.0,document
the Great Barrier Reef Foundation,400,1.0,document
the Great Barrier Reef Foundation,fourth,1.0,document
the Great Barrier Reef Foundation,14 consecutive days,1.0,document
the Great Barrier Reef Foundation,"over 1,500",1.0,document
the Great Barrier Reef Foundation,seven years,1.0,document
the Great Barrier Reef Foundation,2 degrees,1.0,document
March 2024,75%,1.0,document
March 2024,400,1.0,document
March 2024,fourth,1.0,document
March 2024,14 consecutive days,1.0,document
March 2024,"over 1,500",1.0,document
March 2024,seven years,1.0,document
March 2024,2 degrees,1.0,document
75%,400,1.0,document
75%,fourth,1.0,document
75%,14 consecutive days,1.0,document
75%,"over 1,500",1.0,document
75%,seven years,1.0,document
75%,2 degrees,1.0,document
400,fourth,1.0,document
400,14 consecutive days,1.0,document
400,"over 1,500",1.0,document
400,seven years,1.0,document
400,2 degrees,1.0,document
fourth,14 consecutive days,1.0,document
fourth,"over 1,500",1.0,document
fourth,seven years,1.0,document
fourth,2 degrees,1.0,document
14 consecutive days,"over 1,500",1.0,document
14 consecutive days,seven years,1.0,document
14 consecutive days,2 degrees,1.0,document
"over 1,500",seven years,1.0,document
"over 1,500",2 degrees,1.0,document
seven years,2 degrees,1.0,document
seven years,fourth,2.0,sentence
seven years,March 2024,2.0,sentence
seven years,the Great Barrier Reef Foundation,2.0,sentence
fourth,March 2024,2.0,sentence
fourth,the Great Barrier Reef Foundation,2.0,sentence
March 2024,the Great Barrier Reef Foundation,2.0,sentence
14 consecutive days,2 degrees,2.0,sentence
75%,"over 1,500",2.0,sentence
75%,400,2.0,sentence
"over 1,500",400,2.0,sentence
May 2024,the previous year,1.0,document
May 2024,approximately 50%,1.0,document
May 2024,Hawaii,1.0,document
May 2024,1958,1.0,document
May 2024,NOAA,1.0,document
May 2024,the Mauna Loa Observatory,1.0,document
May 2024,2.8,1.0,document
May 2024,280,1.0,document
May 2024,424.0,1.0,document
May 2024,Atmospheric CO2,1.0,document
the previous year,approximately 50%,1.0,document
the previous year,Hawaii,1.0,document
the previous year,1958,1.0,document
the previous year,NOAA,1.0,document
the previous year,the Mauna Loa Observatory,1.0,document
the previous year,2.8,1.0,document
the previous year,280,1.0,document
the previous year,424.0,1.0,document
the previous year,Atmospheric CO2,1.0,document
approximately 50%,Hawaii,1.0,document
approximately 50%,1958,1.0,document
approximately 50%,NOAA,1.0,document
approximately 50%,the Mauna Loa Observatory,1.0,document
approximately 50%,2.8,1.0,document
approximately 50%,280,1.0,document
approximately 50%,424.0,1.0,document
approximately 50%,Atmospheric CO2,1.0,document
Hawaii,1958,1.0,document
Hawaii,NOAA,2.0,document
Hawaii,the Mauna Loa Observatory,1.0,document
Hawaii,2.8,1.0,document
Hawaii,280,1.0,document
Hawaii,424.0,1.0,document
Hawaii,Atmospheric CO2,1.0,document
1958,NOAA,1.0,document
1958,the Mauna Loa Observatory,1.0,document
1958,2.8,1.0,document
1958,280,1.0,document
1958,424.0,1.0,document
1958,Atmospheric CO2,1.0,document
NOAA,the Mauna Loa Observatory,1.0,document
NOAA,2.8,1.0,document
NOAA,280,1.0,document
NOAA,424.0,1.0,document
NOAA,Atmospheric CO2,1.0,document
the Mauna Loa Observatory,2.8,1.0,document
the Mauna Loa Observatory,280,1.0,document
the Mauna Loa Observatory,424.0,1.0,document
the Mauna Loa Observatory,Atmospheric CO2,1.0,document
2.8,280,1.0,document
2.8,424.0,1.0,document
2.8,Atmospheric CO2,1.0,document
280,424.0,1.0,document
280,Atmospheric CO2,1.0,document
424.0,Atmospheric CO2,1.0,document
May 2024,Hawaii,2.0,sentence
May 2024,NOAA,2.0,sentence
May 2024,the Mauna Loa Observatory,2.0,sentence
May 2024,424.0,2.0,sentence
May 2024,Atmospheric CO2,2.0,sentence
Hawaii,NOAA,2.0,sentence
Hawaii,the Mauna Loa Observatory,2.0,sentence
Hawaii,424.0,2.0,sentence
Hawaii,Atmospheric CO2,2.0,sentence
NOAA,the Mauna Loa Observatory,2.0,sentence
NOAA,424.0,2.0,sentence
NOAA,Atmospheric CO2,2.0,sentence
the Mauna Loa Observatory,424.0,2.0,sentence
the Mauna Loa Observatory,Atmospheric CO2,2.0,sentence
424.0,Atmospheric CO2,2.0,sentence
2.8,the previous year,2.0,sentence
2.8,1958,2.0,sentence
the previous year,1958,2.0,sentence
280,approximately 50%,2.0,sentence
the early 2000s,1.9 billion,1.0,document
the early 2000s,227 billion tonnes,1.0,document
the early 2000s,Geophysical Research Letters,1.0,document
the early 2000s,the University of Leeds,1.0,document
the early 2000s,Himalayan,1.0,document
the early 2000s,2000-2009,1.0,document
the early 2000s,298 billion tonnes,1.0,document
the early 2000s,"217,175",1.0,document
the early 2000s,2010-2019,1.0,document
1.9 billion,227 billion tonnes,1.0,document
1.9 billion,Geophysical Research Letters,1.0,document
1.9 billion,the University of Leeds,1.0,document
1.9 billion,Himalayan,1.0,document
1.9 billion,2000-2009,1.0,document
1.9 billion,298 billion tonnes,1.0,document
1.9 billion,"217,175",1.0,document
1.9 billion,2010-2019,1.0,document
227 billion tonnes,Geophysical Research Letters,1.0,document
227 billion tonnes,the University of Leeds,1.0,document
227 billion tonnes,Himalayan,1.0,document
227 billion tonnes,2000-2009,1.0,document
227 billion tonnes,298 billion tonnes,1.0,document
227 billion tonnes,"217,175",1.0,document
227 billion tonnes,2010-2019,1.0,document
Geophysical Research Letters,the University of Leeds,1.0,document
Geophysical Research Letters,Himalayan,1.0,document
Geophysical Research Letters,2000-2009,1.0,document
Geophysical Research Letters,298 billion tonnes,1.0,document
Geophysical Research Letters,"217,175",1.0,document
Geophysical Research Letters,2010-2019,1.0,document
the University of Leeds,Himalayan,1.0,document
the University of Leeds,2000-2009,1.0,document
the University of Leeds,298 billion tonnes,1.0,document
the University of Leeds,"217,175",1.0,document
the University of Leeds,2010-2019,1.0,document
Himalayan,2000-2009,1.0,document
Himalayan,298 billion tonnes,1.0,document
Himalayan,"217,175",1.0,document
Himalayan,2010-2019,1.0,document
2000-2009,298 billion tonnes,1.0,document
2000-2009,"217,175",1.0,document
2000-2009,2010-2019,1.0,document
298 billion tonnes,"217,175",1.0,document
298 billion tonnes,2010-2019,1.0,document
"217,175",2010-2019,1.0,document
227 billion tonnes,the University of Leeds,2.0,sentence
227 billion tonnes,2000-2009,2.0,sentence
227 billion tonnes,298 billion tonnes,2.0,sentence
227 billion tonnes,2010-2019,2.0,sentence
the University of Leeds,2000-2009,2.0,sentence
the University of Leeds,298 billion tonnes,2.0,sentence
the University of Leeds,2010-2019,2.0,sentence
2000-2009,298 billion tonnes,2.0,sentence
2000-2009,2010-2019,2.0,sentence
298 billion tonnes,2010-2019,2.0,sentence
the early 2000s,Geophysical Research Letters,2.0,sentence
the early 2000s,Himalayan,2.0,sentence
the early 2000s,"217,175",2.0,sentence
the early 2000s,1.9 billion,2.0,sentence
Geophysical Research Letters,Himalayan,2.0,sentence
Geophysical Research Letters,"217,175",2.0,sentence
Geophysical Research Letters,1.9 billion,2.0,sentence
Himalayan,"217,175",2.0,sentence
Himalayan,1.9 billion,2.0,sentence
"217,175",1.9 billion,2.0,sentence
annual,1993,1.0,document
annual,The World Meteorological Organization,1.0,document
annual,approximately 40%,1.0,document
annual,Celeste Saulo,1.0,document
annual,2023,3.0,document
annual,WMO,1.0,document
annual,decades,1.0,document
annual,4.5 millimeters,1.0,document
1993,The World Meteorological Organization,1.0,document
1993,approximately 40%,1.0,document
1993,Celeste Saulo,1.0,document
1993,2023,1.0,document
1993,WMO,1.0,document
1993,decades,1.0,document
1993,4.5 millimeters,1.0,document
The World Meteorological Organization,approximately 40%,1.0,document
The World Meteorological Organization,Celeste Saulo,1.0,document
The World Meteorological Organization,2023,1.0,document
The World Meteorological Organization,WMO,1.0,document
The World Meteorological Organization,decades,1.0,document
The World Meteorological Organization,4.5 millimeters,1.0,document
approximately 40%,Celeste Saulo,1.0,document
approximately 40%,2023,1.0,document
approximately 40%,WMO,1.0,document
approximately 40%,decades,1.0,document
approximately 40%,4.5 millimeters,1.0,document
Celeste Saulo,2023,1.0,document
Celeste Saulo,WMO,1.0,document
Celeste Saulo,decades,1.0,document
Celeste Saulo,4.5 millimeters,1.0,document
2023,WMO,1.0,document
2023,decades,1.0,document
2023,4.5 millimeters,1.0,document
WMO,decades,1.0,document
WMO,4.5 millimeters,1.0,document
decades,4.5 millimeters,1.0,document
annual,1993,2.0,sentence
annual,The World Meteorological Organization,2.0,sentence
annual,2023,2.0,sentence
annual,4.5 millimeters,2.0,sentence
1993,The World Meteorological Organization,2.0,sentence
1993,2023,2.0,sentence
1993,4.5 millimeters,2.0,sentence
The World Meteorological Organization,2023,2.0,sentence
The World Meteorological Organization,4.5 millimeters,2.0,sentence
2023,4.5 millimeters,2.0,sentence
decades,Celeste Saulo,2.0,sentence
decades,WMO,2.0,sentence
Celeste Saulo,WMO,2.0,sentence
"roughly 1,500 billion tonnes",80,1.0,document
"roughly 1,500 billion tonnes",20-year,1.0,document
"roughly 1,500 billion tonnes",2022,1.0,document
"roughly 1,500 billion tonnes",approximately 600 million tonnes,1.0,document
"roughly 1,500 billion tonnes",Alaska,1.0,document
"roughly 1,500 billion tonnes",CO2,1.0,document
"roughly 1,500 billion tonnes",the National Academy of Sciences,1.0,document
"roughly 1,500 billion tonnes",Siberia,1.0,document
80,20-year,2.0,document
80,2022,1.0,document
80,approximately 600 million tonnes,1.0,document
80,Alaska,1.0,document
80,CO2,2.0,document
80,the National Academy of Sciences,1.0,document
80,Siberia,1.0,document
20-year,2022,1.0,document
20-year,approximately 600 million tonnes,1.0,document
20-year,Alaska,1.0,document
20-year,CO2,2.0,document
20-year,the National Academy of Sciences,1.0,document
20-year,Siberia,1.0,document
2022,approximately 600 million tonnes,1.0,document
2022,Alaska,1.0,document
2022,CO2,2.0,document
2022,the National Academy of Sciences,1.0,document
2022,Siberia,1.0,document
approximately 600 million tonnes,Alaska,1.0,document
approximately 600 million tonnes,CO2,1.0,document
approximately 600 million tonnes,the National Academy of Sciences,1.0,document
approximately 600 million tonnes,Siberia,1.0,document
Alaska,CO2,1.0,document
Alaska,the National Academy of Sciences,1.0,document
Alaska,Siberia,1.0,document
CO2,the National Academy of Sciences,1.0,document
CO2,Siberia,1.0,document
the National Academy of Sciences,Siberia,1.0,document
2022,approximately 600 million tonnes,2.0,sentence
2022,Alaska,2.0,sentence
2022,CO2,4.0,sentence
2022,the National Academy of Sciences,2.0,sentence
2022,Siberia,2.0,sentence
approximately 600 million tonnes,Alaska,2.0,sentence
approximately 600 million tonnes,CO2,2.0,sentence
approximately 600 million tonnes,the National Academy of Sciences,2.0,sentence
approximately 600 million tonnes,Siberia,2.0,sentence
Alaska,CO2,2.0,sentence
Alaska,the National Academy of Sciences,2.0,sentence
Alaska,Siberia,2.0,sentence
CO2,the National Academy of Sciences,2.0,sentence
CO2,Siberia,2.0,sentence
the National Academy of Sciences,Siberia,2.0,sentence
80,20-year,4.0,sentence
the West Antarctic Ice Sheet,September 2023,1.0,document
the West Antarctic Ice Sheet,1.5 degree,1.0,document
the West Antarctic Ice Sheet,the Potsdam Institute for Climate Impact Research,1.0,document
the West Antarctic Ice Sheet,the Atlantic Meridional Overturning Circulation,1.0,document
the West Antarctic Ice Sheet,Science,1.0,document
the West Antarctic Ice Sheet,the Greenland Ice Sheet,1.0,document
the West Antarctic Ice Sheet,five,1.0,document
September 2023,1.5 degree,1.0,document
September 2023,the Potsdam Institute for Climate Impact Research,1.0,document
September 2023,the Atlantic Meridional Overturning Circulation,1.0,document
September 2023,Science,1.0,document
September 2023,the Greenland Ice Sheet,1.0,document
September 2023,five,1.0,document
1.5 degree,the Potsdam Institute for Climate Impact Research,1.0,document
1.5 degree,the Atlantic Meridional Overturning Circulation,1.0,document
1.5 degree,Science,1.0,document
1.5 degree,the Greenland Ice Sheet,1.0,document
1.5 degree,five,1.0,document
the Potsdam Institute for Climate Impact Research,the Atlantic Meridional Overturning Circulation,1.0,document
the Potsdam Institute for Climate Impact Research,Science,1.0,document
the Potsdam Institute for Climate Impact Research,the Greenland Ice Sheet,1.0,document
the Potsdam Institute for Climate Impact Research,five,1.0,document
the Atlantic Meridional Overturning Circulation,Science,1.0,document
the Atlantic Meridional Overturning Circulation,the Greenland Ice Sheet,1.0,document
the Atlantic Meridional Overturning Circulation,five,1.0,document
Science,five,1.0,document
the Greenland Ice Sheet,five,1.0,document
the West Antarctic Ice Sheet,1.5 degree,2.0,sentence
the West Antarctic Ice Sheet,the Potsdam Institute for Climate Impact Research,2.0,sentence
the West Antarctic Ice Sheet,the Atlantic Meridional Overturning Circulation,2.0,sentence
the West Antarctic Ice Sheet,the Greenland Ice Sheet,2.0,sentence
the West Antarctic Ice Sheet,five,2.0,sentence
1.5 degree,the Potsdam Institute for Climate Impact Research,2.0,sentence
1.5 degree,the Atlantic Meridional Overturning Circulation,2.0,sentence
1.5 degree,the Greenland Ice Sheet,2.0,sentence
1.5 degree,five,2.0,sentence
the Potsdam Institute for Climate Impact Research,the Atlantic Meridional Overturning Circulation,2.0,sentence
the Potsdam Institute for Climate Impact Research,the Greenland Ice Sheet,2.0,sentence
the Potsdam Institute for Climate Impact Research,five,2.0,sentence
the Atlantic Meridional Overturning Circulation,the Greenland Ice Sheet,2.0,sentence
the Atlantic Meridional Overturning Circulation,five,2.0,sentence
the Greenland Ice Sheet,five,2.0,sentence
Science,September 2023,2.0,sentence
1.75 degrees,Carlo Buontempo,1.0,document
1.75 degrees,El Nino,1.0,document
1.75 degrees,0.5 degrees,1.0,document
1.75 degrees,Antarctic sea,1.0,document
1.75 degrees,Copernicus,1.0,document
1.75 degrees,The European Space Agency's,1.0,document
1.75 degrees,Saharan,1.0,document
1.75 degrees,Copernicus Climate Change Service,1.0,document
1.75 degrees,September 2023,1.0,document
Carlo Buontempo,El Nino,1.0,document
Carlo Buontempo,0.5 degrees,1.0,document
Carlo Buontempo,Antarctic sea,1.0,document
Carlo Buontempo,Copernicus,1.0,document
Carlo Buontempo,The European Space Agency's,1.0,document
Carlo Buontempo,Saharan,1.0,document
Carlo Buontempo,Copernicus Climate Change Service,1.0,document
Carlo Buontempo,September 2023,1.0,document
El Nino,0.5 degrees,1.0,document
El Nino,Antarctic sea,1.0,document
El Nino,Copernicus,1.0,document
El Nino,The European Space Agency's,1.0,document
El Nino,Saharan,1.0,document
El Nino,Copernicus Climate Change Service,1.0,document
El Nino,September 2023,1.0,document
0.5 degrees,Antarctic sea,1.0,document
0.5 degrees,Copernicus,1.0,document
0.5 degrees,The European Space Agency's,1.0,document
0.5 degrees,Saharan,1.0,document
0.5 degrees,Copernicus Climate Change Service,1.0,document
0.5 degrees,September 2023,1.0,document
Antarctic sea,Copernicus,1.0,document
Antarctic sea,The European Space Agency's,1.0,document
Antarctic sea,Saharan,1.0,document
Antarctic sea,Copernicus Climate Change Service,1.0,document
Antarctic sea,September 2023,1.0,document
Copernicus,The European Space Agency's,1.0,document
Copernicus,Saharan,1.0,document
Copernicus,Copernicus Climate Change Service,1.0,document
Copernicus,September 2023,1.0,document
The European Space Agency's,Saharan,1.0,document
The European Space Agency's,Copernicus Climate Change Service,1.0,document
The European Space Agency's,September 2023,1.0,document
Saharan,Copernicus Climate Change Service,1.0,document
Saharan,September 2023,1.0,document
Copernicus Climate Change Service,September 2023,1.0,document
1.75 degrees,0.5 degrees,2.0,sentence
1.75 degrees,The European Space Agency's,2.0,sentence
1.75 degrees,Copernicus Climate Change Service,2.0,sentence
1.75 degrees,September 2023,2.0,sentence
0.5 degrees,The European Space Agency's,2.0,sentence
0.5 degrees,Copernicus Climate Change Service,2.0,sentence
0.5 degrees,September 2023,2.0,sentence
The European Space Agency's,Copernicus Climate Change Service,2.0,sentence
The European Space Agency's,September 2023,2.0,sentence
Copernicus Climate Change Service,September 2023,2.0,sentence
Saharan,El Nino,2.0,sentence
Saharan,Antarctic sea,2.0,sentence
El Nino,Antarctic sea,2.0,sentence
Copernicus,Carlo Buontempo,2.0,sentence
Mediterranean,an estimated $3.5 billion,1.0,document
Mediterranean,"20,000",1.0,document
Mediterranean,40 days,1.0,document
Mediterranean,Algeria,1.0,document
Mediterranean,"400,000",1.0,document
Mediterranean,the summer of 2023,1.0,document
Mediterranean,European,1.0,document
Mediterranean,Sicily,1.0,document
Mediterranean,Turkey,1.0,document
Mediterranean,Tunisia,1.0,document
Mediterranean,the 1980s,1.0,document
Mediterranean,Greece,2.0,document
Mediterranean,48 degrees,1.0,document
an estimated $3.5 billion,"20,000",1.0,document
an estimated $3.5 billion,40 days,1.0,document
an estimated $3.5 billion,Algeria,1.0,document
an estimated $3.5 billion,"400,000",1.0,document
an estimated $3.5 billion,the summer of 2023,1.0,document
an estimated $3.5 billion,European,1.0,document
an estimated $3.5 billion,Sicily,1.0,document
an estimated $3.5 billion,Turkey,1.0,document
an estimated $3.5 billion,Tunisia,1.0,document
an estimated $3.5 billion,the 1980s,1.0,document
an estimated $3.5 billion,Greece,1.0,document
an estimated $3.5 billion,48 degrees,1.0,document
"20,000",40 days,1.0,document
"20,000",Algeria,1.0,document
"20,000","400,000",2.0,document
"20,000",the summer of 2023,1.0,document
"20,000",European,1.0,document
"20,000",Sicily,1.0,document
"20,000",Turkey,1.0,document
"20,000",Tunisia,1.0,document
"20,000",the 1980s,1.0,document
"20,000",Greece,1.0,document
"20,000",48 degrees,1.0,document
40 days,Algeria,1.0,document
40 days,"400,000",1.0,document
40 days,the summer of 2023,1.0,document
40 days,European,1.0,document
40 days,Sicily,1.0,document
40 days,Turkey,1.0,document
40 days,Tunisia,1.0,document
40 days,the 1980s,1.0,document
40 days,Greece,1.0,document
40 days,48 degrees,1.0,document
Algeria,"400,000",1.0,document
Algeria,the summer of 2023,1.0,document
Algeria,European,1.0,document
Algeria,Sicily,1.0,document
Algeria,Turkey,1.0,document
Algeria,Tunisia,1.0,document
Algeria,the 1980s,1.0,document
Algeria,Greece,1.0,document
Algeria,48 degrees,1.0,document
"400,000",the summer of 2023,1.0,document
"400,000",European,1.0,document
"400,000",Sicily,1.0,document
"400,000",Turkey,1.0,document
"400,000",Tunisia,1.0,document
"400,000",the 1980s,1.0,document
"400,000",Greece,1.0,document
"400,000",48 degrees,1.0,document
the summer of 2023,European,1.0,document
the summer of 2023,Sicily,1.0,document
the summer of 2023,Turkey,1.0,document
the summer of 2023,Tunisia,1.0,document
the summer of 2023,the 1980s,1.0,document
the summer of 2023,Greece,1.0,document
the summer of 2023,48 degrees,1.0,document
European,Sicily,1.0,document
European,Turkey,1.0,document
European,Tunisia,1.0,document
European,the 1980s,1.0,document
European,Greece,1.0,document
European,48 degrees,1.0,document
Sicily,Turkey,1.0,document
Sicily,Tunisia,1.0,document
Sicily,the 1980s,1.0,document
Sicily,Greece,1.0,document
Sicily,48 degrees,1.0,document
Turkey,Tunisia,1.0,document
Turkey,the 1980s,1.0,document
Turkey,Greece,1.0,document
Turkey,48 degrees,1.0,document
Tunisia,the 1980s,1.0,document
Tunisia,Greece,1.0,document
Tunisia,48 degrees,1.0,document
the 1980s,Greece,1.0,document
the 1980s,48 degrees,1.0,document
Greece,48 degrees,1.0,document
Mediterranean,Algeria,2.0,sentence
Mediterranean,"400,000",2.0,sentence
Mediterranean,the summer of 2023,2.0,sentence
Mediterranean,Turkey,2.0,sentence
Mediterranean,Tunisia,2.0,sentence
Mediterranean,Greece,4.0,sentence
Algeria,"400,000",2.0,sentence
Algeria,the summer of 2023,2.0,sentence
Algeria,Turkey,2.0,sentence
Algeria,Tunisia,2.0,sentence
Algeria,Greece,2.0,sentence
"400,000",the summer of 2023,2.0,sentence
"400,000",Turkey,2.0,sentence
"400,000",Tunisia,2.0,sentence
"400,000",Greece,2.0,sentence
the summer of 2023,Turkey,2.0,sentence
the summer of 2023,Tunisia,2.0,sentence
the summer of 2023,Greece,2.0,sentence
Turkey,Tunisia,2.0,sentence
Turkey,Greece,2.0,sentence
Tunisia,Greece,2.0,sentence
48 degrees,European,2.0,sentence
48 degrees,Sicily,2.0,sentence
European,Sicily,2.0,sentence
an estimated $3.5 billion,"20,000",2.0,sentence
Mediterranean,the 1980s,2.0,sentence
Mediterranean,40 days,2.0,sentence
the 1980s,40 days,2.0,sentence
the Marshall Islands',Kiribati,1.0,document
the Marshall Islands',2100,1.0,document
the Marshall Islands',2023,1.0,document
the Marshall Islands',Australia,1.0,document
the Marshall Islands',up to 50%,1.0,document
the Marshall Islands',Pacific Island,1.0,document
the Marshall Islands',just 2 meters,1.0,document
the Marshall Islands',up to 280,1.0,document
the Marshall Islands',Tuvalu,1.0,document
Kiribati,2100,1.0,document
Kiribati,2023,1.0,document
Kiribati,Australia,1.0,document
Kiribati,up to 50%,1.0,document
Kiribati,Pacific Island,1.0,document
Kiribati,just 2 meters,1.0,document
Kiribati,up to 280,1.0,document
Kiribati,Tuvalu,1.0,document
2100,2023,3.0,document
2100,Australia,1.0,document
2100,up to 50%,1.0,document
2100,Pacific Island,1.0,document
2100,just 2 meters,1.0,document
2100,up to 280,1.0,document
2100,Tuvalu,1.0,document
2023,Australia,1.0,document
2023,up to 50%,1.0,document
2023,Pacific Island,1.0,document
2023,just 2 meters,1.0,document
2023,up to 280,1.0,document
2023,Tuvalu,1.0,document
Australia,up to 50%,1.0,document
Australia,Pacific Island,1.0,document
Australia,just 2 meters,1.0,document
Australia,up to 280,1.0,document
Australia,Tuvalu,1.0,document
up to 50%,Pacific Island,1.0,document
up to 50%,just 2 meters,1.0,document
up to 50%,up to 280,1.0,document
up to 50%,Tuvalu,1.0,document
Pacific Island,just 2 meters,1.0,document
Pacific Island,up to 280,1.0,document
Pacific Island,Tuvalu,1.0,document
just 2 meters,up to 280,1.0,document
just 2 meters,Tuvalu,1.0,document
up to 280,Tuvalu,1.0,document
Tuvalu,Pacific Island,2.0,sentence
Tuvalu,Kiribati,2.0,sentence
Pacific Island,Kiribati,2.0,sentence
up to 50%,the Marshall Islands',2.0,sentence
up to 50%,2100,2.0,sentence
the Marshall Islands',2100,2.0,sentence
2023,up to 280,2.0,sentence
2023,Tuvalu,2.0,sentence
2023,Australia,2.0,sentence
up to 280,Tuvalu,2.0,sentence
up to 280,Australia,2.0,sentence
Tuvalu,Australia,2.0,sentence
414 millimeters,annual,1.0,document
414 millimeters,Storm Daniel,1.0,document
414 millimeters,Derna,1.0,document
414 millimeters,"over 11,000",1.0,document
414 millimeters,50%,1.0,document
414 millimeters,50,1.0,document
414 millimeters,270,1.0,document
414 millimeters,Flash,1.0,document
414 millimeters,"40,000",1.0,document
414 millimeters,24 hours,1.0,document
414 millimeters,September 2023,1.0,document
414 millimeters,two,1.0,document
414 millimeters,Libya,1.0,document
annual,Storm Daniel,1.0,document
annual,Derna,1.0,document
annual,"over 11,000",1.0,document
annual,50%,1.0,document
annual,50,1.0,document
annual,270,1.0,document
annual,Flash,1.0,document
annual,"40,000",1.0,document
annual,24 hours,1.0,document
annual,September 2023,1.0,document
annual,two,1.0,document
annual,Libya,1.0,document
Storm Daniel,Derna,1.0,document
Storm Daniel,"over 11,000",1.0,document
Storm Daniel,50%,1.0,document
Storm Daniel,50,1.0,document
Storm Daniel,270,1.0,document
Storm Daniel,Flash,1.0,document
Storm Daniel,"40,000",1.0,document
Storm Daniel,24 hours,1.0,document
Storm Daniel,September 2023,1.0,document
Storm Daniel,two,1.0,document
Storm Daniel,Libya,1.0,document
Derna,"over 11,000",1.0,document
Derna,50%,1.0,document
Derna,50,1.0,document
Derna,270,1.0,document
Derna,Flash,1.0,document
Derna,"40,000",1.0,document
Derna,24 hours,1.0,document
Derna,September 2023,1.0,document
Derna,two,1.0,document
Derna,Libya,1.0,document
"over 11,000",50%,1.0,document
"over 11,000",50,1.0,document
"over 11,000",270,1.0,document
"over 11,000",Flash,1.0,document
"over 11,000","40,000",1.0,document
"over 11,000",24 hours,1.0,document
"over 11,000",September 2023,1.0,document
"over 11,000",two,1.0,document
"over 11,000",Libya,1.0,document
50%,50,1.0,document
50%,270,1.0,document
50%,Flash,1.0,document
50%,"40,000",1.0,document
50%,24 hours,1.0,document
50%,September 2023,1.0,document
50%,two,1.0,document
50%,Libya,1.0,document
50,270,1.0,document
50,Flash,1.0,document
50,"40,000",1.0,document
50,24 hours,1.0,document
50,September 2023,1.0,document
50,two,1.0,document
50,Libya,1.0,document
270,Flash,1.0,document
270,"40,000",2.0,document
270,24 hours,1.0,document
270,September 2023,1.0,document
270,two,1.0,document
270,Libya,1.0,document
Flash,"40,000",1.0,document
Flash,24 hours,1.0,document
Flash,September 2023,1.0,document
Flash,two,1.0,document
Flash,Libya,1.0,document
"40,000",24 hours,1.0,document
"40,000",September 2023,1.0,document
"40,000",two,1.0,document
"40,000",Libya,1.0,document
24 hours,September 2023,1.0,document
24 hours,two,1.0,document
24 hours,Libya,1.0,document
September 2023,two,1.0,document
September 2023,Libya,1.0,document
two,Libya,1.0,document
Storm Daniel,Derna,2.0,sentence
Storm Daniel,"over 11,000",2.0,sentence
Storm Daniel,Flash,2.0,sentence
Storm Daniel,"40,000",2.0,sentence
Storm Daniel,September 2023,2.0,sentence
Storm Daniel,two,2.0,sentence
Storm Daniel,Libya,2.0,sentence
Derna,"over 11,000",2.0,sentence
Derna,Flash,2.0,sentence
Derna,"40,000",2.0,sentence
Derna,September 2023,2.0,sentence
Derna,two,2.0,sentence
Derna,Libya,2.0,sentence
"over 11,000",Flash,2.0,sentence
"over 11,000","40,000",2.0,sentence
"over 11,000",September 2023,2.0,sentence
"over 11,000",two,2.0,sentence
"over 11,000",Libya,2.0,sentence
Flash,"40,000",2.0,sentence
Flash,September 2023,2.0,sentence
Flash,two,2.0,sentence
Flash,Libya,2.0,sentence
"40,000",September 2023,2.0,sentence
"40,000",two,2.0,sentence
"40,000",Libya,2.0,sentence
September 2023,two,2.0,sentence
September 2023,Libya,2.0,sentence
two,Libya,2.0,sentence
414 millimeters,annual,2.0,sentence
414 millimeters,270,2.0,sentence
414 millimeters,24 hours,2.0,sentence
annual,270,2.0,sentence
annual,24 hours,2.0,sentence
270,24 hours,2.0,sentence
50%,50,2.0,sentence
Mediterranean,the African Union's Climate Research Centre,1.0,document
Mediterranean,25%,1.0,document
Mediterranean,March 2024,1.0,document
Mediterranean,Southern Europe,1.0,document
Mediterranean,Scandinavia,1.0,document
Mediterranean,2000,1.0,document
Mediterranean,up to 30%,1.0,document
the African Union's Climate Research Centre,25%,1.0,document
the African Union's Climate Research Centre,March 2024,1.0,document
the African Union's Climate Research Centre,Southern Europe,1.0,document
the African Union's Climate Research Centre,Scandinavia,1.0,document
the African Union's Climate Research Centre,2000,1.0,document
the African Union's Climate Research Centre,up to 30%,1.0,document
25%,March 2024,1.0,document
25%,Southern Europe,1.0,document
25%,Scandinavia,1.0,document
25%,2000,2.0,document
25%,up to 30%,1.0,document
March 2024,Southern Europe,1.0,document
March 2024,Scandinavia,1.0,document
March 2024,2000,1.0,document
March 2024,up to 30%,1.0,document
Southern Europe,Scandinavia,1.0,document
Southern Europe,2000,1.0,document
Southern Europe,up to 30%,1.0,document
Scandinavia,2000,1.0,document
Scandinavia,up to 30%,1.0,document
2000,up to 30%,1.0,document
the African Union's Climate Research Centre,25%,2.0,sentence
the African Union's Climate Research Centre,2000,2.0,sentence
25%,2000,4.0,sentence
Mediterranean,Southern Europe,2.0,sentence
Mediterranean,up to 30%,2.0,sentence
Southern Europe,up to 30%,2.0,sentence
March 2024,Scandinavia,2.0,sentence
summer,2.1 degrees,1.0,document
summer,1970,1.0,document
summer,The Jordanian Department of Meteorology,1.0,document
summer,2023,1.0,document
summer,2018-2022,1.0,document
summer,18 separate days,1.0,document
summer,August,1.0,document
summer,35%,1.0,document
summer,Amman,1.0,document
summer,40 degrees,1.0,document
2.1 degrees,1970,1.0,document
2.1 degrees,The Jordanian Department of Meteorology,1.0,document
2.1 degrees,2023,1.0,document
2.1 degrees,2018-2022,1.0,document
2.1 degrees,18 separate days,1.0,document
2.1 degrees,August,1.0,document
2.1 degrees,35%,1.0,document
2.1 degrees,Amman,1.0,document
2.1 degrees,40 degrees,1.0,document
1970,The Jordanian Department of Meteorology,1.0,document
1970,2023,1.0,document
1970,2018-2022,1.0,document
1970,18 separate days,1.0,document
1970,August,1.0,document
1970,35%,2.0,document
1970,Amman,1.0,document
1970,40 degrees,1.0,document
The Jordanian Department of Meteorology,2023,1.0,document
The Jordanian Department of Meteorology,2018-2022,1.0,document
The Jordanian Department of Meteorology,18 separate days,1.0,document
The Jordanian Department of Meteorology,August,1.0,document
The Jordanian Department of Meteorology,35%,1.0,document
The Jordanian Department of Meteorology,Amman,1.0,document
The Jordanian Department of Meteorology,40 degrees,1.0,document
2023,2018-2022,1.0,document
2023,18 separate days,1.0,document
2023,August,1.0,document
2023,35%,1.0,document
2023,Amman,1.0,document
2023,40 degrees,1.0,document
2018-2022,18 separate days,1.0,document
2018-2022,August,1.0,document
2018-2022,35%,1.0,document
2018-2022,Amman,1.0,document
2018-2022,40 degrees,1.0,document
18 separate days,August,1.0,document
18 separate days,35%,1.0,document
18 separate days,Amman,1.0,document
18 separate days,40 degrees,1.0,document
August,35%,1.0,document
August,Amman,1.0,document
August,40 degrees,1.0,document
35%,Amman,1.0,document
35%,40 degrees,1.0,document
Amman,40 degrees,1.0,document
2023,18 separate days,2.0,sentence
2023,August,2.0,sentence
2023,Amman,2.0,sentence
2023,40 degrees,2.0,sentence
18 separate days,August,2.0,sentence
18 separate days,Amman,2.0,sentence
18 separate days,40 degrees,2.0,sentence
August,Amman,2.0,sentence
August,40 degrees,2.0,sentence
Amman,40 degrees,2.0,sentence
summer,2.1 degrees,2.0,sentence
summer,1970,2.0,sentence
summer,The Jordanian Department of Meteorology,2.0,sentence
2.1 degrees,1970,2.0,sentence
2.1 degrees,The Jordanian Department of Meteorology,2.0,sentence
1970,The Jordanian Department of Meteorology,2.0,sentence
35%,2018-2022,2.0,sentence
the Eastern Pacific,Mexico,1.0,document
the Eastern Pacific,at least 52,1.0,document
the Eastern Pacific,Acapulco,1.0,document
the Eastern Pacific,270 kilometers per hour,1.0,document
the Eastern Pacific,"October 25, 2023",1.0,document
the Eastern Pacific,Category 5,1.0,document
the Eastern Pacific,just 12 hours,1.0,document
the Eastern Pacific,over $16 billion,1.0,document
the Eastern Pacific,Hurricane Otis,1.0,document
Mexico,at least 52,1.0,document
Mexico,Acapulco,1.0,document
Mexico,270 kilometers per hour,1.0,document
Mexico,"October 25, 2023",1.0,document
Mexico,Category 5,1.0,document
Mexico,just 12 hours,1.0,document
Mexico,over $16 billion,1.0,document
Mexico,Hurricane Otis,1.0,document
at least 52,Acapulco,1.0,document
at least 52,270 kilometers per hour,1.0,document
at least 52,"October 25, 2023",1.0,document
at least 52,Category 5,1.0,document
at least 52,just 12 hours,1.0,document
at least 52,over $16 billion,1.0,document
at least 52,Hurricane Otis,1.0,document
Acapulco,270 kilometers per hour,1.0,document
Acapulco,"October 25, 2023",1.0,document
Acapulco,Category 5,1.0,document
Acapulco,just 12 hours,1.0,document
Acapulco,over $16 billion,1.0,document
Acapulco,Hurricane Otis,1.0,document
270 kilometers per hour,"October 25, 2023",1.0,document
270 kilometers per hour,Category 5,1.0,document
270 kilometers per hour,just 12 hours,1.0,document
270 kilometers per hour,over $16 billion,1.0,document
270 kilometers per hour,Hurricane Otis,1.0,document
"October 25, 2023",Category 5,1.0,document
"October 25, 2023",just 12 hours,1.0,document
"October 25, 2023",over $16 billion,1.0,document
"October 25, 2023",Hurricane Otis,1.0,document
Category 5,just 12 hours,1.0,document
Category 5,over $16 billion,1.0,document
Category 5,Hurricane Otis,1.0,document
just 12 hours,over $16 billion,1.0,document
just 12 hours,Hurricane Otis,1.0,document
over $16 billion,Hurricane Otis,1.0,document
Mexico,Acapulco,2.0,sentence
Mexico,270 kilometers per hour,2.0,sentence
Mexico,"October 25, 2023",2.0,sentence
Mexico,Hurricane Otis,2.0,sentence
Acapulco,270 kilometers per hour,2.0,sentence
Acapulco,"October 25, 2023",2.0,sentence
Acapulco,Hurricane Otis,2.0,sentence
270 kilometers per hour,"October 25, 2023",2.0,sentence
270 kilometers per hour,Hurricane Otis,2.0,sentence
"October 25, 2023",Hurricane Otis,2.0,sentence
just 12 hours,the Eastern Pacific,2.0,sentence
just 12 hours,Category 5,2.0,sentence
the Eastern Pacific,Category 5,2.0,sentence
over $16 billion,at least 52,2.0,sentence
Niger,Chad,1.0,document
Niger,2023,1.0,document
Niger,Burkina Faso,1.0,document
Niger,Sahel,1.0,document
Niger,a decade,1.0,document
Niger,millions,1.0,document
Niger,Mali,1.0,document
Niger,The World Food Programme,1.0,document
Niger,Africa,1.0,document
Niger,12 million,1.0,document
Niger,45 million,1.0,document
Chad,2023,1.0,document
Chad,Burkina Faso,1.0,document
Chad,Sahel,1.0,document
Chad,a decade,1.0,document
Chad,millions,1.0,document
Chad,Mali,1.0,document
Chad,The World Food Programme,1.0,document
Chad,Africa,1.0,document
Chad,12 million,1.0,document
Chad,45 million,1.0,document
2023,Burkina Faso,1.0,document
2023,Sahel,1.0,document
2023,a decade,1.0,document
2023,millions,1.0,document
2023,Mali,1.0,document
2023,The World Food Programme,1.0,document
2023,Africa,1.0,document
2023,12 million,1.0,document
2023,45 million,1.0,document
Burkina Faso,Sahel,1.0,document
Burkina Faso,a decade,1.0,document
Burkina Faso,millions,1.0,document
Burkina Faso,Mali,1.0,document
Burkina Faso,The World Food Programme,1.0,document
Burkina Faso,Africa,1.0,document
Burkina Faso,12 million,1.0,document
Burkina Faso,45 million,1.0,document
Sahel,a decade,1.0,document
Sahel,millions,1.0,document
Sahel,Mali,1.0,document
Sahel,The World Food Programme,1.0,document
Sahel,Africa,1.0,document
Sahel,12 million,1.0,document
Sahel,45 million,1.0,document
a decade,millions,1.0,document
a decade,Mali,1.0,document
a decade,The World Food Programme,1.0,document
a decade,Africa,1.0,document
a decade,12 million,1.0,document
a decade,45 million,1.0,document
millions,Mali,1.0,document
millions,The World Food Programme,1.0,document
millions,Africa,1.0,document
millions,12 million,1.0,document
millions,45 million,1.0,document
Mali,The World Food Programme,1.0,document
Mali,Africa,1.0,document
Mali,12 million,1.0,document
Mali,45 million,1.0,document
The World Food Programme,Africa,1.0,document
The World Food Programme,12 million,1.0,document
The World Food Programme,45 million,1.0,document
Africa,12 million,1.0,document
Africa,45 million,1.0,document
12 million,45 million,1.0,document
2023,Sahel,2.0,sentence
2023,a decade,2.0,sentence
2023,Africa,2.0,sentence
2023,45 million,2.0,sentence
Sahel,a decade,2.0,sentence
Sahel,Africa,2.0,sentence
Sahel,45 million,2.0,sentence
a decade,Africa,2.0,sentence
a decade,45 million,2.0,sentence
Africa,45 million,2.0,sentence
Niger,Burkina Faso,2.0,sentence
Niger,Mali,2.0,sentence
Niger,Chad,2.0,sentence
Burkina Faso,Mali,2.0,sentence
Burkina Faso,Chad,2.0,sentence
Mali,Chad,2.0,sentence
millions,12 million,2.0,sentence
millions,The World Food Programme,2.0,sentence
12 million,The World Food Programme,2.0,sentence
"over 5,000",GLOF,1.0,document
"over 5,000",over 40,1.0,document
"over 5,000",India,1.0,document
"over 5,000",Sikkim,1.0,document
"over 5,000",October 2023,1.0,document
"over 5,000",Hindu,1.0,document
"over 5,000",1990,1.0,document
"over 5,000",Himalayas,1.0,document
"over 5,000",23 billion dollar,1.0,document
"over 5,000",Kush Himalaya,1.0,document
"over 5,000",10,1.0,document
"over 5,000",Teesta III,1.0,document
"over 5,000",less than a year,1.0,document
GLOF,over 40,1.0,document
GLOF,India,1.0,document
GLOF,Sikkim,1.0,document
GLOF,October 2023,1.0,document
GLOF,Hindu,1.0,document
GLOF,1990,1.0,document
GLOF,Himalayas,1.0,document
GLOF,23 billion dollar,1.0,document
GLOF,Kush Himalaya,1.0,document
GLOF,10,1.0,document
GLOF,Teesta III,1.0,document
GLOF,less than a year,1.0,document
over 40,India,1.0,document
over 40,Sikkim,1.0,document
over 40,October 2023,1.0,document
over 40,Hindu,1.0,document
over 40,1990,1.0,document
over 40,Himalayas,1.0,document
over 40,23 billion dollar,1.0,document
over 40,Kush Himalaya,1.0,document
over 40,10,1.0,document
over 40,Teesta III,1.0,document
over 40,less than a year,1.0,document
India,Sikkim,1.0,document
India,October 2023,1.0,document
India,Hindu,1.0,document
India,1990,1.0,document
India,Himalayas,1.0,document
India,23 billion dollar,1.0,document
India,Kush Himalaya,1.0,document
India,10,1.0,document
India,Teesta III,1.0,document
India,less than a year,1.0,document
Sikkim,October 2023,1.0,document
Sikkim,Hindu,1.0,document
Sikkim,1990,1.0,document
Sikkim,Himalayas,1.0,document
Sikkim,23 billion dollar,1.0,document
Sikkim,Kush Himalaya,1.0,document
Sikkim,10,1.0,document
Sikkim,Teesta III,1.0,document
Sikkim,less than a year,1.0,document
October 2023,Hindu,1.0,document
October 2023,1990,1.0,document
October 2023,Himalayas,1.0,document
October 2023,23 billion dollar,1.0,document
October 2023,Kush Himalaya,1.0,document
October 2023,10,1.0,document
October 2023,Teesta III,1.0,document
October 2023,less than a year,1.0,document
Hindu,1990,1.0,document
Hindu,Himalayas,1.0,document
Hindu,23 billion dollar,1.0,document
Hindu,Kush Himalaya,1.0,document
Hindu,10,1.0,document
Hindu,Teesta III,1.0,document
Hindu,less than a year,1.0,document
1990,Himalayas,1.0,document
1990,23 billion dollar,1.0,document
1990,Kush Himalaya,1.0,document
1990,10,1.0,document
1990,Teesta III,1.0,document
1990,less than a year,1.0,document
Himalayas,23 billion dollar,1.0,document
Himalayas,Kush Himalaya,1.0,document
Himalayas,10,1.0,document
Himalayas,Teesta III,1.0,document
Himalayas,less than a year,1.0,document
23 billion dollar,Kush Himalaya,1.0,document
23 billion dollar,10,1.0,document
23 billion dollar,Teesta III,1.0,document
23 billion dollar,less than a year,1.0,document
Kush Himalaya,10,1.0,document
Kush Himalaya,Teesta III,1.0,document
Kush Himalaya,less than a year,1.0,document
10,Teesta III,1.0,document
10,less than a year,1.0,document
Teesta III,less than a year,1.0,document
1990,Himalayas,2.0,sentence
1990,10,2.0,sentence
Himalayas,10,2.0,sentence
GLOF,over 40,2.0,sentence
GLOF,India,2.0,sentence
GLOF,Sikkim,2.0,sentence
GLOF,October 2023,2.0,sentence
GLOF,Teesta III,2.0,sentence
over 40,India,2.0,sentence
over 40,Sikkim,2.0,sentence
over 40,October 2023,2.0,sentence
over 40,Teesta III,2.0,sentence
India,Sikkim,2.0,sentence
India,October 2023,2.0,sentence
India,Teesta III,2.0,sentence
Sikkim,October 2023,2.0,sentence
Sikkim,Teesta III,2.0,sentence
October 2023,Teesta III,2.0,sentence
23 billion dollar,less than a year,2.0,sentence
"over 5,000",Kush Himalaya,2.0,sentence
"over 5,000",Hindu,2.0,sentence
Kush Himalaya,Hindu,2.0,sentence
Aqaba,Disi Water Conveyance Project,1.0,document
Aqaba,annually,1.0,document
Aqaba,Disi,1.0,document
Aqaba,50 years,1.0,document
Aqaba,2013,1.0,document
Aqaba,Jordan,1.0,document
Aqaba,$990 million,1.0,document
Aqaba,Amman,1.0,document
Aqaba,100 million cubic meters,1.0,document
Disi Water Conveyance Project,annually,1.0,document
Disi Water Conveyance Project,Disi,1.0,document
Disi Water Conveyance Project,50 years,1.0,document
Disi Water Conveyance Project,2013,1.0,document
Disi Water Conveyance Project,Jordan,1.0,document
Disi Water Conveyance Project,$990 million,1.0,document
Disi Water Conveyance Project,Amman,1.0,document
Disi Water Conveyance Project,100 million cubic meters,1.0,document
annually,Disi,1.0,document
annually,50 years,1.0,document
annually,2013,1.0,document
annually,Jordan,5.0,document
annually,$990 million,1.0,document
annually,Amman,1.0,document
annually,100 million cubic meters,1.0,document
Disi,50 years,1.0,document
Disi,2013,1.0,document
Disi,Jordan,1.0,document
Disi,$990 million,1.0,document
Disi,Amman,1.0,document
Disi,100 million cubic meters,1.0,document
50 years,2013,1.0,document
50 years,Jordan,1.0,document
50 years,$990 million,1.0,document
50 years,Amman,1.0,document
50 years,100 million cubic meters,1.0,document
2013,Jordan,1.0,document
2013,$990 million,1.0,document
2013,Amman,1.0,document
2013,100 million cubic meters,1.0,document
Jordan,$990 million,1.0,document
Jordan,Amman,1.0,document
Jordan,100 million cubic meters,1.0,document
$990 million,Amman,1.0,document
$990 million,100 million cubic meters,1.0,document
Amman,100 million cubic meters,1.0,document
Aqaba,Disi Water Conveyance Project,2.0,sentence
Aqaba,annually,2.0,sentence
Aqaba,Disi,2.0,sentence
Aqaba,2013,2.0,sentence
Aqaba,Jordan,2.0,sentence
Aqaba,$990 million,2.0,sentence
Aqaba,Amman,2.0,sentence
Aqaba,100 million cubic meters,2.0,sentence
Disi Water Conveyance Project,annually,2.0,sentence
Disi Water Conveyance Project,Disi,2.0,sentence
Disi Water Conveyance Project,2013,2.0,sentence
Disi Water Conveyance Project,Jordan,2.0,sentence
Disi Water Conveyance Project,$990 million,2.0,sentence
Disi Water Conveyance Project,Amman,2.0,sentence
Disi Water Conveyance Project,100 million cubic meters,2.0,sentence
annually,Disi,2.0,sentence
annually,2013,2.0,sentence
annually,Jordan,2.0,sentence
annually,$990 million,2.0,sentence
annually,Amman,2.0,sentence
annually,100 million cubic meters,2.0,sentence
Disi,2013,2.0,sentence
Disi,Jordan,2.0,sentence
Disi,$990 million,2.0,sentence
Disi,Amman,2.0,sentence
Disi,100 million cubic meters,2.0,sentence
2013,Jordan,2.0,sentence
2013,$990 million,2.0,sentence
2013,Amman,2.0,sentence
2013,100 million cubic meters,2.0,sentence
Jordan,$990 million,2.0,sentence
Jordan,Amman,2.0,sentence
Jordan,100 million cubic meters,2.0,sentence
$990 million,Amman,2.0,sentence
$990 million,100 million cubic meters,2.0,sentence
Amman,100 million cubic meters,2.0,sentence
200-megawatt,The Kingdom of Jordan,1.0,document
200-megawatt,50%,1.0,document
200-megawatt,2023,1.0,document
200-megawatt,29%,1.0,document
200-megawatt,January 2024,1.0,document
200-megawatt,"2,400 megawatts",1.0,document
200-megawatt,Mafraq,1.0,document
200-megawatt,Jordan,1.0,document
200-megawatt,2030,1.0,document
200-megawatt,the European Bank for Reconstruction and Development,1.0,document
200-megawatt,"approximately 110,000",1.0,document
The Kingdom of Jordan,50%,1.0,document
The Kingdom of Jordan,2023,1.0,document
The Kingdom of Jordan,29%,1.0,document
The Kingdom of Jordan,January 2024,1.0,document
The Kingdom of Jordan,"2,400 megawatts",1.0,document
The Kingdom of Jordan,Mafraq,1.0,document
The Kingdom of Jordan,Jordan,1.0,document
The Kingdom of Jordan,2030,1.0,document
The Kingdom of Jordan,the European Bank for Reconstruction and Development,1.0,document
The Kingdom of Jordan,"approximately 110,000",1.0,document
50%,2023,1.0,document
50%,29%,1.0,document
50%,January 2024,1.0,document
50%,"2,400 megawatts",1.0,document
50%,Mafraq,1.0,document
50%,Jordan,1.0,document
50%,2030,6.0,document
50%,the European Bank for Reconstruction and Development,1.0,document
50%,"approximately 110,000",1.0,document
2023,29%,1.0,document
2023,January 2024,1.0,document
2023,"2,400 megawatts",1.0,document
2023,Mafraq,1.0,document
2023,Jordan,3.0,document
2023,2030,5.0,document
2023,the European Bank for Reconstruction and Development,1.0,document
2023,"approximately 110,000",1.0,document
29%,January 2024,1.0,document
29%,"2,400 megawatts",1.0,document
29%,Mafraq,1.0,document
29%,Jordan,1.0,document
29%,2030,1.0,document
29%,the European Bank for Reconstruction and Development,1.0,document
29%,"approximately 110,000",1.0,document
January 2024,"2,400 megawatts",1.0,document
January 2024,Mafraq,1.0,document
January 2024,Jordan,1.0,document
January 2024,2030,1.0,document
January 2024,the European Bank for Reconstruction and Development,1.0,document
January 2024,"approximately 110,000",1.0,document
"2,400 megawatts",Mafraq,1.0,document
"2,400 megawatts",Jordan,1.0,document
"2,400 megawatts",2030,1.0,document
"2,400 megawatts",the European Bank for Reconstruction and Development,1.0,document
"2,400 megawatts","approximately 110,000",1.0,document
Mafraq,Jordan,1.0,document
Mafraq,2030,1.0,document
Mafraq,the European Bank for Reconstruction and Development,1.0,document
Mafraq,"approximately 110,000",1.0,document
Jordan,2030,1.0,document
Jordan,the European Bank for Reconstruction and Development,1.0,document
Jordan,"approximately 110,000",1.0,document
2030,the European Bank for Reconstruction and Development,1.0,document
2030,"approximately 110,000",1.0,document
the European Bank for Reconstruction and Development,"approximately 110,000",1.0,document
200-megawatt,The Kingdom of Jordan,2.0,sentence
200-megawatt,January 2024,2.0,sentence
200-megawatt,"2,400 megawatts",2.0,sentence
200-megawatt,Mafraq,2.0,sentence
The Kingdom of Jordan,January 2024,2.0,sentence
The Kingdom of Jordan,"2,400 megawatts",2.0,sentence
The Kingdom of Jordan,Mafraq,2.0,sentence
January 2024,"2,400 megawatts",2.0,sentence
January 2024,Mafraq,2.0,sentence
"2,400 megawatts",Mafraq,2.0,sentence
50%,2023,2.0,sentence
50%,29%,2.0,sentence
50%,2030,8.0,sentence
50%,Jordan,2.0,sentence
2023,29%,2.0,sentence
2023,2030,6.0,sentence
2023,Jordan,4.0,sentence
29%,2030,2.0,sentence
29%,Jordan,2.0,sentence
"approximately 110,000",the European Bank for Reconstruction and Development,2.0,sentence
"approximately 110,000",Mafraq,2.0,sentence
the European Bank for Reconstruction and Development,Mafraq,2.0,sentence
Singapore,2025,1.0,document
Singapore,100 years,1.0,document
Singapore,up to 4 meters,1.0,document
Singapore,The Tuas Nexus,1.0,document
Singapore,$72 billion,1.0,document
2025,100 years,1.0,document
2025,up to 4 meters,1.0,document
2025,The Tuas Nexus,1.0,document
2025,$72 billion,1.0,document
100 years,up to 4 meters,1.0,document
100 years,The Tuas Nexus,1.0,document
100 years,$72 billion,1.0,document
up to 4 meters,The Tuas Nexus,1.0,document
up to 4 meters,$72 billion,1.0,document
The Tuas Nexus,$72 billion,1.0,document
100 years,$72 billion,2.0,sentence
100 years,Singapore,2.0,sentence
$72 billion,Singapore,2.0,sentence
2025,The Tuas Nexus,2.0,sentence
annual,10 to 18,1.0,document
annual,$387 billion,1.0,document
annual,Only $21 billion,1.0,document
annual,Adaptation Gap Report,1.0,document
annual,2021,2.0,document
annual,UNEP,1.0,document
annual,215,1.0,document
2023,10 to 18,1.0,document
2023,$387 billion,1.0,document
2023,Only $21 billion,1.0,document
2023,Adaptation Gap Report,1.0,document
2023,2021,1.0,document
2023,UNEP,3.0,document
2023,215,1.0,document
10 to 18,$387 billion,1.0,document
10 to 18,Only $21 billion,1.0,document
10 to 18,Adaptation Gap Report,1.0,document
10 to 18,2021,1.0,document
10 to 18,UNEP,1.0,document
10 to 18,215,1.0,document
$387 billion,Only $21 billion,1.0,document
$387 billion,Adaptation Gap Report,1.0,document
$387 billion,2021,1.0,document
$387 billion,UNEP,1.0,document
$387 billion,215,1.0,document
Only $21 billion,Adaptation Gap Report,1.0,document
Only $21 billion,2021,1.0,document
Only $21 billion,UNEP,1.0,document
Only $21 billion,215,1.0,document
Adaptation Gap Report,2021,1.0,document
Adaptation Gap Report,UNEP,1.0,document
Adaptation Gap Report,215,1.0,document
2021,UNEP,1.0,document
2021,215,1.0,document
UNEP,215,1.0,document
2023,UNEP,4.0,sentence
2023,10 to 18,2.0,sentence
2023,Adaptation Gap Report,2.0,sentence
UNEP,10 to 18,2.0,sentence
UNEP,Adaptation Gap Report,2.0,sentence
10 to 18,Adaptation Gap Report,2.0,sentence
$387 billion,annual,2.0,sentence
$387 billion,215,2.0,sentence
annual,215,2.0,sentence
Only $21 billion,2021,2.0,sentence
Europe,"the Rhine, Meuse",1.0,document
Europe,2.3 billion,1.0,document
Europe,Netherlands,1.0,document
Europe,River,1.0,document
Europe,34,1.0,document
Europe,2019,1.0,document
"the Rhine, Meuse",2.3 billion,1.0,document
"the Rhine, Meuse",Netherlands,1.0,document
"the Rhine, Meuse",River,1.0,document
"the Rhine, Meuse",34,1.0,document
"the Rhine, Meuse",2019,1.0,document
2.3 billion,Netherlands,1.0,document
2.3 billion,River,1.0,document
2.3 billion,34,1.0,document
2.3 billion,2019,1.0,document
Netherlands,River,1.0,document
Netherlands,34,1.0,document
Netherlands,2019,1.0,document
River,34,1.0,document
River,2019,1.0,document
34,2019,1.0,document
"the Rhine, Meuse",2.3 billion,2.0,sentence
"the Rhine, Meuse",Netherlands,2.0,sentence
"the Rhine, Meuse",River,2.0,sentence
"the Rhine, Meuse",34,2.0,sentence
"the Rhine, Meuse",2019,2.0,sentence
2.3 billion,Netherlands,2.0,sentence
2.3 billion,River,2.0,sentence
2.3 billion,34,2.0,sentence
2.3 billion,2019,2.0,sentence
Netherlands,River,2.0,sentence
Netherlands,34,2.0,sentence
Netherlands,2019,2.0,sentence
River,34,2.0,sentence
River,2019,2.0,sentence
34,2019,2.0,sentence
"5,000",the World Bank,1.0,document
"5,000",FAO,1.0,document
"5,000",Great Green Wall,1.0,document
"5,000",400-kilometer,1.0,document
"5,000","12,000",2.0,document
"5,000",Kenya,1.0,document
"5,000",over 15 million,1.0,document
"5,000",2020,2.0,document
the World Bank,FAO,1.0,document
the World Bank,Great Green Wall,1.0,document
the World Bank,400-kilometer,1.0,document
the World Bank,"12,000",1.0,document
the World Bank,Kenya,1.0,document
the World Bank,over 15 million,1.0,document
the World Bank,2020,1.0,document
FAO,Great Green Wall,1.0,document
FAO,400-kilometer,1.0,document
FAO,"12,000",1.0,document
FAO,Kenya,1.0,document
FAO,over 15 million,1.0,document
FAO,2020,1.0,document
Great Green Wall,400-kilometer,1.0,document
Great Green Wall,"12,000",1.0,document
Great Green Wall,Kenya,1.0,document
Great Green Wall,over 15 million,1.0,document
Great Green Wall,2020,1.0,document
400-kilometer,"12,000",1.0,document
400-kilometer,Kenya,1.0,document
400-kilometer,over 15 million,1.0,document
400-kilometer,2020,1.0,document
"12,000",Kenya,1.0,document
"12,000",over 15 million,1.0,document
"12,000",2020,2.0,document
Kenya,over 15 million,1.0,document
Kenya,2020,1.0,document
over 15 million,2020,1.0,document
Great Green Wall,400-kilometer,2.0,sentence
Great Green Wall,Kenya,2.0,sentence
Great Green Wall,over 15 million,2.0,sentence
Great Green Wall,2020,2.0,sentence
400-kilometer,Kenya,2.0,sentence
400-kilometer,over 15 million,2.0,sentence
400-kilometer,2020,2.0,sentence
Kenya,over 15 million,2.0,sentence
Kenya,2020,2.0,sentence
over 15 million,2020,2.0,sentence
"5,000","12,000",4.0,sentence
the World Bank,FAO,2.0,sentence
"6,000",20 degrees,1.0,document
"6,000",2024,1.0,document
"6,000",Masdar City,1.0,document
"6,000",600,1.0,document
"6,000",10-megawatt,1.0,document
"6,000",the International Renewable Energy Agency,1.0,document
"6,000",15 to,1.0,document
"6,000",Abu Dhabi's,1.0,document
20 degrees,2024,1.0,document
20 degrees,Masdar City,1.0,document
20 degrees,600,1.0,document
20 degrees,10-megawatt,1.0,document
20 degrees,the International Renewable Energy Agency,1.0,document
20 degrees,15 to,1.0,document
20 degrees,Abu Dhabi's,1.0,document
2024,Masdar City,1.0,document
2024,600,1.0,document
2024,10-megawatt,1.0,document
2024,the International Renewable Energy Agency,1.0,document
2024,15 to,1.0,document
2024,Abu Dhabi's,1.0,document
Masdar City,600,1.0,document
Masdar City,10-megawatt,1.0,document
Masdar City,the International Renewable Energy Agency,1.0,document
Masdar City,15 to,1.0,document
Masdar City,Abu Dhabi's,1.0,document
600,10-megawatt,1.0,document
600,the International Renewable Energy Agency,1.0,document
600,15 to,1.0,document
600,Abu Dhabi's,1.0,document
10-megawatt,the International Renewable Energy Agency,1.0,document
10-megawatt,15 to,1.0,document
10-megawatt,Abu Dhabi's,1.0,document
the International Renewable Energy Agency,15 to,1.0,document
the International Renewable Energy Agency,Abu Dhabi's,1.0,document
15 to,Abu Dhabi's,1.0,document
20 degrees,Masdar City,2.0,sentence
20 degrees,15 to,2.0,sentence
20 degrees,Abu Dhabi's,2.0,sentence
Masdar City,15 to,2.0,sentence
Masdar City,Abu Dhabi's,2.0,sentence
15 to,Abu Dhabi's,2.0,sentence
"6,000",2024,2.0,sentence
"6,000",Masdar City,2.0,sentence
"6,000",600,2.0,sentence
"6,000",the International Renewable Energy Agency,2.0,sentence
2024,Masdar City,2.0,sentence
2024,600,2.0,sentence
2024,the International Renewable Energy Agency,2.0,sentence
Masdar City,600,2.0,sentence
Masdar City,the International Renewable Energy Agency,2.0,sentence
600,the International Renewable Energy Agency,2.0,sentence
40%,"300,000",2.0,document
40%,2030,3.0,document
40%,Amman,1.0,document
40%,daily,1.0,document
40%,2021,2.0,document
40%,Climate Action Plan,1.0,document
40%,"25,000",1.0,document
"300,000",2030,2.0,document
"300,000",Amman,1.0,document
"300,000",daily,1.0,document
"300,000",2021,2.0,document
"300,000",Climate Action Plan,1.0,document
"300,000","25,000",1.0,document
2030,Amman,1.0,document
2030,daily,1.0,document
2030,2021,3.0,document
2030,Climate Action Plan,1.0,document
2030,"25,000",1.0,document
Amman,daily,1.0,document
Amman,2021,1.0,document
Amman,Climate Action Plan,1.0,document
Amman,"25,000",1.0,document
daily,2021,1.0,document
daily,Climate Action Plan,1.0,document
daily,"25,000",1.0,document
2021,Climate Action Plan,1.0,document
2021,"25,000",1.0,document
Climate Action Plan,"25,000",1.0,document
40%,2030,4.0,sentence
40%,Amman,2.0,sentence
40%,2021,2.0,sentence
40%,Climate Action Plan,2.0,sentence
2030,Amman,2.0,sentence
2030,2021,2.0,sentence
2030,Climate Action Plan,2.0,sentence
Amman,2021,2.0,sentence
Amman,Climate Action Plan,2.0,sentence
2021,Climate Action Plan,2.0,sentence
daily,"300,000",2.0,sentence
daily,"25,000",2.0,sentence
"300,000","25,000",2.0,sentence
2025,80%,1.0,document
2025,annually,1.0,document
2025,Israel,1.0,document
2025,0.40,1.0,document
2025,200 million cubic meters,1.0,document
80%,annually,1.0,document
80%,Israel,1.0,document
80%,0.40,1.0,document
80%,200 million cubic meters,1.0,document
annually,Israel,1.0,document
annually,0.40,1.0,document
annually,200 million cubic meters,1.0,document
Israel,0.40,1.0,document
Israel,200 million cubic meters,1.0,document
0.40,200 million cubic meters,1.0,document
2025,annually,2.0,sentence
2025,Israel,2.0,sentence
2025,0.40,2.0,sentence
2025,200 million cubic meters,2.0,sentence
annually,Israel,2.0,sentence
annually,0.40,2.0,sentence
annually,200 million cubic meters,2.0,sentence
Israel,0.40,2.0,sentence
Israel,200 million cubic meters,2.0,sentence
0.40,200 million cubic meters,2.0,sentence
Israel,80%,2.0,sentence
Costa Rica's,2025,1.0,document
Costa Rica's,2023,1.0,document
Costa Rica's,2050,1.0,document
Costa Rica's,nine consecutive years,1.0,document
Costa Rica's,"60,000",1.0,document
Costa Rica's,National Decarbonization Plan,1.0,document
Costa Rica's,Costa Rica,1.0,document
Costa Rica's,99.5%,1.0,document
Costa Rica's,98%,1.0,document
2025,2023,1.0,document
2025,2050,1.0,document
2025,nine consecutive years,1.0,document
2025,"60,000",1.0,document
2025,National Decarbonization Plan,1.0,document
2025,Costa Rica,1.0,document
2025,99.5%,1.0,document
2025,98%,1.0,document
2023,2050,1.0,document
2023,nine consecutive years,1.0,document
2023,"60,000",1.0,document
2023,National Decarbonization Plan,1.0,document
2023,Costa Rica,1.0,document
2023,99.5%,1.0,document
2023,98%,1.0,document
2050,nine consecutive years,1.0,document
2050,"60,000",1.0,document
2050,National Decarbonization Plan,1.0,document
2050,Costa Rica,1.0,document
2050,99.5%,2.0,document
2050,98%,1.0,document
nine consecutive years,"60,000",1.0,document
nine consecutive years,National Decarbonization Plan,1.0,document
nine consecutive years,Costa Rica,1.0,document
nine consecutive years,99.5%,1.0,document
nine consecutive years,98%,1.0,document
"60,000",National Decarbonization Plan,1.0,document
"60,000",Costa Rica,1.0,document
"60,000",99.5%,1.0,document
"60,000",98%,1.0,document
National Decarbonization Plan,Costa Rica,1.0,document
National Decarbonization Plan,99.5%,1.0,document
National Decarbonization Plan,98%,1.0,document
Costa Rica,99.5%,1.0,document
Costa Rica,98%,1.0,document
99.5%,98%,1.0,document
Costa Rica,2023,2.0,sentence
Costa Rica,99.5%,2.0,sentence
2023,99.5%,2.0,sentence
nine consecutive years,98%,2.0,sentence
Costa Rica's,2025,2.0,sentence
Costa Rica's,2050,2.0,sentence
Costa Rica's,"60,000",2.0,sentence
Costa Rica's,National Decarbonization Plan,2.0,sentence
2025,2050,2.0,sentence
2025,"60,000",2.0,sentence
2025,National Decarbonization Plan,2.0,sentence
2050,"60,000",2.0,sentence
2050,National Decarbonization Plan,2.0,sentence
"60,000",National Decarbonization Plan,2.0,sentence
rural health clinics,2024,1.0,document
rural health clinics,Sahel,1.0,document
rural health clinics,"15,000",1.0,document
rural health clinics,2030,1.0,document
rural health clinics,11,1.0,document
rural health clinics,The African Development Bank's,1.0,document
rural health clinics,250 million,1.0,document
rural health clinics,10,1.0,document
rural health clinics,3.2,1.0,document
2024,Sahel,1.0,document
2024,"15,000",1.0,document
2024,2030,2.0,document
2024,11,1.0,document
2024,The African Development Bank's,1.0,document
2024,250 million,1.0,document
2024,10,1.0,document
2024,3.2,1.0,document
Sahel,"15,000",1.0,document
Sahel,2030,1.0,document
Sahel,11,1.0,document
Sahel,The African Development Bank's,1.0,document
Sahel,250 million,1.0,document
Sahel,10,1.0,document
Sahel,3.2,1.0,document
"15,000",2030,1.0,document
"15,000",11,1.0,document
"15,000",The African Development Bank's,1.0,document
"15,000",250 million,1.0,document
"15,000",10,1.0,document
"15,000",3.2,1.0,document
2030,11,1.0,document
2030,The African Development Bank's,1.0,document
2030,250 million,1.0,document
2030,10,2.0,document
2030,3.2,1.0,document
11,The African Development Bank's,1.0,document
11,250 million,1.0,document
11,10,1.0,document
11,3.2,1.0,document
The African Development Bank's,250 million,1.0,document
The African Development Bank's,10,1.0,document
The African Development Bank's,3.2,1.0,document
250 million,10,1.0,document
250 million,3.2,1.0,document
10,3.2,1.0,document
Sahel,2030,2.0,sentence
Sahel,11,2.0,sentence
Sahel,The African Development Bank's,2.0,sentence
Sahel,250 million,2.0,sentence
Sahel,10,2.0,sentence
2030,11,2.0,sentence
2030,The African Development Bank's,2.0,sentence
2030,250 million,2.0,sentence
2030,10,2.0,sentence
11,The African Development Bank's,2.0,sentence
11,250 million,2.0,sentence
11,10,2.0,sentence
The African Development Bank's,250 million,2.0,sentence
The African Development Bank's,10,2.0,sentence
250 million,10,2.0,sentence
2024,3.2,2.0,sentence
rural health clinics,"15,000",2.0,sentence
45%,50%,1.0,document
45%,India,1.0,document
45%,2005,1.0,document
45%,Glasgow,1.0,document
45%,Narendra Modi,1.0,document
45%,2030,3.0,document
45%,November 2021,1.0,document
45%,2070,1.0,document
45%,Nationally Determined Contribution,1.0,document
50%,India,1.0,document
50%,2005,1.0,document
50%,Glasgow,1.0,document
50%,Narendra Modi,1.0,document
50%,November 2021,1.0,document
50%,2070,1.0,document
50%,Nationally Determined Contribution,1.0,document
India,2005,1.0,document
India,Glasgow,1.0,document
India,Narendra Modi,1.0,document
India,2030,2.0,document
India,November 2021,1.0,document
India,2070,1.0,document
India,Nationally Determined Contribution,1.0,document
2005,Glasgow,1.0,document
2005,Narendra Modi,1.0,document
2005,2030,1.0,document
2005,November 2021,1.0,document
2005,2070,1.0,document
2005,Nationally Determined Contribution,1.0,document
Glasgow,Narendra Modi,1.0,document
Glasgow,2030,2.0,document
Glasgow,November 2021,1.0,document
Glasgow,2070,1.0,document
Glasgow,Nationally Determined Contribution,1.0,document
Narendra Modi,2030,1.0,document
Narendra Modi,November 2021,1.0,document
Narendra Modi,2070,1.0,document
Narendra Modi,Nationally Determined Contribution,1.0,document
2030,November 2021,1.0,document
2030,2070,1.0,document
2030,Nationally Determined Contribution,1.0,document
November 2021,2070,1.0,document
November 2021,Nationally Determined Contribution,1.0,document
2070,Nationally Determined Contribution,1.0,document
45%,50%,2.0,sentence
45%,India,2.0,sentence
45%,2005,2.0,sentence
45%,2030,4.0,sentence
45%,Nationally Determined Contribution,2.0,sentence
50%,India,2.0,sentence
50%,2005,2.0,sentence
50%,Nationally Determined Contribution,2.0,sentence
India,2005,2.0,sentence
India,2030,4.0,sentence
India,Nationally Determined Contribution,2.0,sentence
2005,2030,2.0,sentence
2005,Nationally Determined Contribution,2.0,sentence
2030,Nationally Determined Contribution,2.0,sentence
Glasgow,2070,2.0,sentence
Glasgow,Narendra Modi,2.0,sentence
Glasgow,November 2021,2.0,sentence
2070,Narendra Modi,2.0,sentence
2070,November 2021,2.0,sentence
Narendra Modi,November 2021,2.0,sentence
48%,Ministry of Environment and Climate Change,1.0,document
48%,Norway,1.0,document
48%,IBAMA,1.0,document
48%,Brazil,1.0,document
48%,$500 million,1.0,document
48%,Germany,1.0,document
48%,2022,1.0,document
48%,Amazon,1.0,document
48%,the Amazon Fund,1.0,document
48%,Lula da Silva,1.0,document
48%,August 2023,1.0,document
48%,the first seven months,1.0,document
Ministry of Environment and Climate Change,Norway,1.0,document
Ministry of Environment and Climate Change,IBAMA,1.0,document
Ministry of Environment and Climate Change,Brazil,1.0,document
Ministry of Environment and Climate Change,$500 million,1.0,document
Ministry of Environment and Climate Change,Germany,1.0,document
Ministry of Environment and Climate Change,2022,1.0,document
Ministry of Environment and Climate Change,Amazon,1.0,document
Ministry of Environment and Climate Change,the Amazon Fund,1.0,document
Ministry of Environment and Climate Change,Lula da Silva,1.0,document
Ministry of Environment and Climate Change,August 2023,1.0,document
Ministry of Environment and Climate Change,the first seven months,1.0,document
Norway,IBAMA,1.0,document
Norway,Brazil,1.0,document
Norway,$500 million,1.0,document
Norway,Germany,1.0,document
Norway,2022,1.0,document
Norway,Amazon,1.0,document
Norway,the Amazon Fund,1.0,document
Norway,Lula da Silva,1.0,document
Norway,August 2023,1.0,document
Norway,the first seven months,1.0,document
IBAMA,Brazil,1.0,document
IBAMA,$500 million,1.0,document
IBAMA,Germany,1.0,document
IBAMA,2022,1.0,document
IBAMA,Amazon,1.0,document
IBAMA,the Amazon Fund,1.0,document
IBAMA,Lula da Silva,1.0,document
IBAMA,August 2023,1.0,document
IBAMA,the first seven months,1.0,document
Brazil,$500 million,1.0,document
Brazil,Germany,1.0,document
Brazil,2022,1.0,document
Brazil,Amazon,1.0,document
Brazil,the Amazon Fund,1.0,document
Brazil,Lula da Silva,1.0,document
Brazil,August 2023,1.0,document
Brazil,the first seven months,1.0,document
$500 million,Germany,1.0,document
$500 million,2022,1.0,document
$500 million,Amazon,1.0,document
$500 million,the Amazon Fund,1.0,document
$500 million,Lula da Silva,1.0,document
$500 million,August 2023,1.0,document
$500 million,the first seven months,1.0,document
Germany,2022,1.0,document
Germany,Amazon,1.0,document
Germany,the Amazon Fund,1.0,document
Germany,Lula da Silva,1.0,document
Germany,August 2023,1.0,document
Germany,the first seven months,1.0,document
2022,Amazon,1.0,document
2022,the Amazon Fund,1.0,document
2022,Lula da Silva,1.0,document
2022,August 2023,1.0,document
2022,the first seven months,1.0,document
Amazon,the Amazon Fund,1.0,document
Amazon,Lula da Silva,1.0,document
Amazon,August 2023,1.0,document
Amazon,the first seven months,1.0,document
the Amazon Fund,Lula da Silva,1.0,document
the Amazon Fund,August 2023,1.0,document
the Amazon Fund,the first seven months,1.0,document
Lula da Silva,August 2023,1.0,document
Lula da Silva,the first seven months,1.0,document
August 2023,the first seven months,1.0,document
48%,Ministry of Environment and Climate Change,2.0,sentence
48%,Brazil,2.0,sentence
48%,2022,2.0,sentence
48%,Amazon,2.0,sentence
48%,Lula da Silva,2.0,sentence
48%,August 2023,2.0,sentence
48%,the first seven months,2.0,sentence
Ministry of Environment and Climate Change,Brazil,2.0,sentence
Ministry of Environment and Climate Change,2022,2.0,sentence
Ministry of Environment and Climate Change,Amazon,2.0,sentence
Ministry of Environment and Climate Change,Lula da Silva,2.0,sentence
Ministry of Environment and Climate Change,August 2023,2.0,sentence
Ministry of Environment and Climate Change,the first seven months,2.0,sentence
Brazil,2022,2.0,sentence
Brazil,Amazon,2.0,sentence
Brazil,Lula da Silva,2.0,sentence
Brazil,August 2023,2.0,sentence
Brazil,the first seven months,2.0,sentence
2022,Amazon,2.0,sentence
2022,Lula da Silva,2.0,sentence
2022,August 2023,2.0,sentence
2022,the first seven months,2.0,sentence
Amazon,Lula da Silva,2.0,sentence
Amazon,August 2023,2.0,sentence
Amazon,the first seven months,2.0,sentence
Lula da Silva,August 2023,2.0,sentence
Lula da Silva,the first seven months,2.0,sentence
August 2023,the first seven months,2.0,sentence
IBAMA,$500 million,2.0,sentence
IBAMA,Germany,2.0,sentence
IBAMA,the Amazon Fund,2.0,sentence
IBAMA,Norway,2.0,sentence
$500 million,Germany,2.0,sentence
$500 million,the Amazon Fund,2.0,sentence
$500 million,Norway,2.0,sentence
Germany,the Amazon Fund,2.0,sentence
Germany,Norway,2.0,sentence
the Amazon Fund,Norway,2.0,sentence
annual,Net Zero,1.0,document
annual,$4 trillion,1.0,document
annual,$1.3 trillion,2.0,document
annual,2050,1.0,document
annual,The International Energy Agency's,1.0,document
annual,2030,2.0,document
annual,IEA,1.0,document
annual,Fatih Birol,1.0,document
Net Zero,$4 trillion,1.0,document
Net Zero,$1.3 trillion,1.0,document
Net Zero,2050,1.0,document
Net Zero,The International Energy Agency's,1.0,document
Net Zero,2022,1.0,document
Net Zero,2030,1.0,document
Net Zero,IEA,1.0,document
Net Zero,2021,1.0,document
Net Zero,Fatih Birol,1.0,document
$4 trillion,$1.3 trillion,1.0,document
$4 trillion,2050,1.0,document
$4 trillion,The International Energy Agency's,1.0,document
$4 trillion,2022,1.0,document
$4 trillion,2030,1.0,document
$4 trillion,IEA,1.0,document
$4 trillion,2021,1.0,document
$4 trillion,Fatih Birol,1.0,document
$1.3 trillion,2050,1.0,document
$1.3 trillion,The International Energy Agency's,1.0,document
$1.3 trillion,2022,2.0,document
$1.3 trillion,2030,2.0,document
$1.3 trillion,IEA,1.0,document
$1.3 trillion,2021,2.0,document
$1.3 trillion,Fatih Birol,1.0,document
2050,The International Energy Agency's,1.0,document
2050,2022,1.0,document
2050,2030,3.0,document
2050,IEA,1.0,document
2050,2021,1.0,document
2050,Fatih Birol,1.0,document
The International Energy Agency's,2022,1.0,document
The International Energy Agency's,2030,1.0,document
The International Energy Agency's,IEA,1.0,document
The International Energy Agency's,2021,1.0,document
The International Energy Agency's,Fatih Birol,1.0,document
2022,IEA,1.0,document
2022,2021,2.0,document
2022,Fatih Birol,1.0,document
2030,IEA,1.0,document
2030,Fatih Birol,1.0,document
IEA,2021,1.0,document
IEA,Fatih Birol,1.0,document
2021,Fatih Birol,1.0,document
2050,Net Zero,2.0,sentence
2050,The International Energy Agency's,2.0,sentence
2050,2021,2.0,sentence
Net Zero,The International Energy Agency's,2.0,sentence
Net Zero,2021,2.0,sentence
The International Energy Agency's,2021,2.0,sentence
annual,$1.3 trillion,4.0,sentence
annual,2022,2.0,sentence
annual,2030,4.0,sentence
annual,$4 trillion,2.0,sentence
$1.3 trillion,2022,4.0,sentence
$1.3 trillion,2030,4.0,sentence
$1.3 trillion,$4 trillion,2.0,sentence
2022,$4 trillion,2.0,sentence
2030,$4 trillion,2.0,sentence
Fatih Birol,IEA,2.0,sentence
Green Initiative,50%,1.0,document
Green Initiative,$500 billion,1.0,document
Green Initiative,"2,600-megawatt",1.0,document
Green Initiative,Sudair,1.0,document
Green Initiative,annually,1.0,document
Green Initiative,Saudi Arabia's,1.0,document
Green Initiative,Saudi,1.0,document
Green Initiative,2030,1.0,document
Green Initiative,Middle East Green Initiative,1.0,document
Green Initiative,Vision 2030,1.0,document
Green Initiative,50 billion,1.0,document
Green Initiative,278 million tonnes,1.0,document
50%,$500 billion,1.0,document
50%,"2,600-megawatt",1.0,document
50%,Sudair,1.0,document
50%,annually,1.0,document
50%,Saudi Arabia's,1.0,document
50%,Saudi,1.0,document
50%,Middle East Green Initiative,1.0,document
50%,Vision 2030,1.0,document
50%,50 billion,1.0,document
50%,278 million tonnes,1.0,document
$500 billion,"2,600-megawatt",1.0,document
$500 billion,Sudair,1.0,document
$500 billion,annually,1.0,document
$500 billion,Saudi Arabia's,1.0,document
$500 billion,Saudi,1.0,document
$500 billion,2030,1.0,document
$500 billion,Middle East Green Initiative,1.0,document
$500 billion,Vision 2030,1.0,document
$500 billion,50 billion,1.0,document
$500 billion,278 million tonnes,1.0,document
"2,600-megawatt",Sudair,1.0,document
"2,600-megawatt",annually,1.0,document
"2,600-megawatt",Saudi Arabia's,1.0,document
"2,600-megawatt",Saudi,1.0,document
"2,600-megawatt",2030,1.0,document
"2,600-megawatt",Middle East Green Initiative,1.0,document
"2,600-megawatt",Vision 2030,1.0,document
"2,600-megawatt",50 billion,1.0,document
"2,600-megawatt",278 million tonnes,1.0,document
Sudair,annually,1.0,document
Sudair,Saudi Arabia's,1.0,document
Sudair,Saudi,1.0,document
Sudair,2030,1.0,document
Sudair,Middle East Green Initiative,1.0,document
Sudair,Vision 2030,1.0,document
Sudair,50 billion,1.0,document
Sudair,278 million tonnes,1.0,document
annually,Saudi Arabia's,1.0,document
annually,Saudi,1.0,document
annually,2030,4.0,document
annually,Middle East Green Initiative,1.0,document
annually,Vision 2030,1.0,document
annually,50 billion,1.0,document
annually,278 million tonnes,1.0,document
Saudi Arabia's,Saudi,1.0,document
Saudi Arabia's,2030,1.0,document
Saudi Arabia's,Middle East Green Initiative,1.0,document
Saudi Arabia's,Vision 2030,1.0,document
Saudi Arabia's,50 billion,1.0,document
Saudi Arabia's,278 million tonnes,1.0,document
Saudi,2030,1.0,document
Saudi,Middle East Green Initiative,1.0,document
Saudi,Vision 2030,1.0,document
Saudi,50 billion,1.0,document
Saudi,278 million tonnes,1.0,document
2030,Middle East Green Initiative,1.0,document
2030,Vision 2030,1.0,document
2030,50 billion,1.0,document
2030,278 million tonnes,1.0,document
Middle East Green Initiative,Vision 2030,1.0,document
Middle East Green Initiative,50 billion,1.0,document
Middle East Green Initiative,278 million tonnes,1.0,document
Vision 2030,50 billion,1.0,document
Vision 2030,278 million tonnes,1.0,document
50 billion,278 million tonnes,1.0,document
50%,$500 billion,2.0,sentence
50%,"2,600-megawatt",2.0,sentence
50%,Sudair,2.0,sentence
50%,Saudi Arabia's,2.0,sentence
50%,Vision 2030,2.0,sentence
$500 billion,"2,600-megawatt",2.0,sentence
$500 billion,Sudair,2.0,sentence
$500 billion,Saudi Arabia's,2.0,sentence
$500 billion,Vision 2030,2.0,sentence
"2,600-megawatt",Sudair,2.0,sentence
"2,600-megawatt",Saudi Arabia's,2.0,sentence
"2,600-megawatt",Vision 2030,2.0,sentence
Sudair,Saudi Arabia's,2.0,sentence
Sudair,Vision 2030,2.0,sentence
Saudi Arabia's,Vision 2030,2.0,sentence
Green Initiative,annually,2.0,sentence
Green Initiative,Middle East Green Initiative,2.0,sentence
Green Initiative,Saudi,2.0,sentence
Green Initiative,2030,2.0,sentence
Green Initiative,50 billion,2.0,sentence
Green Initiative,278 million tonnes,2.0,sentence
annually,Middle East Green Initiative,2.0,sentence
annually,Saudi,2.0,sentence
annually,2030,6.0,sentence
annually,50 billion,2.0,sentence
annually,278 million tonnes,2.0,sentence
Middle East Green Initiative,Saudi,2.0,sentence
Middle East Green Initiative,2030,2.0,sentence
Middle East Green Initiative,50 billion,2.0,sentence
Middle East Green Initiative,278 million tonnes,2.0,sentence
Saudi,2030,2.0,sentence
Saudi,50 billion,2.0,sentence
Saudi,278 million tonnes,2.0,sentence
2030,50 billion,2.0,sentence
2030,278 million tonnes,2.0,sentence
50 billion,278 million tonnes,2.0,sentence
80%,0.5 degrees,1.0,document
80%,2100,2.0,document
80%,2047,1.0,document
80%,The Kigali Amendment,1.0,document
80%,thousands,1.0,document
80%,the Kigali Amendment,1.0,document
80%,UNEP,1.0,document
80%,the Montreal Protocol,1.0,document
80%,January 2019,1.0,document
0.5 degrees,2100,1.0,document
0.5 degrees,2047,1.0,document
0.5 degrees,The Kigali Amendment,1.0,document
0.5 degrees,thousands,1.0,document
0.5 degrees,the Kigali Amendment,1.0,document
0.5 degrees,UNEP,1.0,document
0.5 degrees,the Montreal Protocol,1.0,document
0.5 degrees,January 2019,1.0,document
2100,2047,1.0,document
2100,The Kigali Amendment,1.0,document
2100,thousands,1.0,document
2100,the Kigali Amendment,1.0,document
2100,UNEP,2.0,document
2100,the Montreal Protocol,1.0,document
2100,January 2019,1.0,document
2047,The Kigali Amendment,1.0,document
2047,thousands,1.0,document
2047,the Kigali Amendment,1.0,document
2047,UNEP,1.0,document
2047,the Montreal Protocol,1.0,document
2047,January 2019,1.0,document
The Kigali Amendment,thousands,1.0,document
The Kigali Amendment,the Kigali Amendment,1.0,document
The Kigali Amendment,UNEP,1.0,document
The Kigali Amendment,the Montreal Protocol,1.0,document
The Kigali Amendment,January 2019,1.0,document
thousands,the Kigali Amendment,1.0,document
thousands,UNEP,1.0,document
thousands,the Montreal Protocol,1.0,document
thousands,January 2019,1.0,document
the Kigali Amendment,UNEP,1.0,document
the Kigali Amendment,the Montreal Protocol,1.0,document
the Kigali Amendment,January 2019,1.0,document
UNEP,the Montreal Protocol,1.0,document
UNEP,January 2019,1.0,document
the Montreal Protocol,January 2019,1.0,document
80%,2047,2.0,sentence
80%,The Kigali Amendment,2.0,sentence
80%,the Montreal Protocol,2.0,sentence
80%,January 2019,2.0,sentence
2047,The Kigali Amendment,2.0,sentence
2047,the Montreal Protocol,2.0,sentence
2047,January 2019,2.0,sentence
The Kigali Amendment,the Montreal Protocol,2.0,sentence
The Kigali Amendment,January 2019,2.0,sentence
the Montreal Protocol,January 2019,2.0,sentence
0.5 degrees,UNEP,2.0,sentence
0.5 degrees,the Kigali Amendment,2.0,sentence
0.5 degrees,2100,2.0,sentence
UNEP,the Kigali Amendment,2.0,sentence
UNEP,2100,2.0,sentence
the Kigali Amendment,2100,2.0,sentence
December 2023,the Central Bank of Jordan,1.0,document
December 2023,Jordanian,1.0,document
December 2023,the Renewable Energy and Energy Efficiency Law,1.0,document
December 2023,$50 million,1.0,document
the Central Bank of Jordan,Jordanian,1.0,document
the Central Bank of Jordan,the Renewable Energy and Energy Efficiency Law,1.0,document
the Central Bank of Jordan,$50 million,1.0,document
Jordanian,the Renewable Energy and Energy Efficiency Law,1.0,document
Jordanian,$50 million,1.0,document
the Renewable Energy and Energy Efficiency Law,$50 million,1.0,document
Jordanian,the Renewable Energy and Energy Efficiency Law,2.0,sentence
Jordanian,December 2023,2.0,sentence
the Renewable Energy and Energy Efficiency Law,December 2023,2.0,sentence
the Central Bank of Jordan,$50 million,2.0,sentence
a decade earlier,September,1.0,document
a decade earlier,2050,1.0,document
a decade earlier,Arctic,1.0,document
a decade earlier,February 2024,1.0,document
a decade earlier,40 years,1.0,document
a decade earlier,first,1.0,document
a decade earlier,Nature Communications,1.0,document
September,2050,1.0,document
September,Arctic,1.0,document
September,February 2024,1.0,document
September,40 years,1.0,document
September,first,1.0,document
September,Nature Communications,1.0,document
2050,Arctic,1.0,document
2050,February 2024,1.0,document
2050,40 years,1.0,document
2050,first,1.0,document
2050,Nature Communications,1.0,document
Arctic,February 2024,1.0,document
Arctic,40 years,1.0,document
Arctic,first,1.0,document
Arctic,Nature Communications,1.0,document
February 2024,40 years,1.0,document
February 2024,first,1.0,document
February 2024,Nature Communications,1.0,document
40 years,first,1.0,document
40 years,Nature Communications,1.0,document
first,Nature Communications,1.0,document
a decade earlier,September,2.0,sentence
a decade earlier,Arctic,2.0,sentence
a decade earlier,February 2024,2.0,sentence
a decade earlier,first,2.0,sentence
a decade earlier,Nature Communications,2.0,sentence
September,Arctic,2.0,sentence
September,February 2024,2.0,sentence
September,first,2.0,sentence
September,Nature Communications,2.0,sentence
Arctic,February 2024,2.0,sentence
Arctic,first,2.0,sentence
Arctic,Nature Communications,2.0,sentence
February 2024,first,2.0,sentence
February 2024,Nature Communications,2.0,sentence
first,Nature Communications,2.0,sentence
2050,40 years,2.0,sentence
1.0%,1.1%,1.0,document
1.0%,0.5%,1.0,document
1.0%,7.4%,1.0,document
1.0%,2023,2.0,document
1.0%,India,1.0,document
1.0%,the European Union,1.0,document
1.0%,2022,1.0,document
1.0%,36.8 billion tonnes,1.0,document
1.0%,15.5 billion tonnes,1.0,document
1.0%,China,1.0,document
1.0%,CO2,1.0,document
1.0%,1.5%,2.0,document
1.1%,0.5%,1.0,document
1.1%,7.4%,1.0,document
1.1%,2023,1.0,document
1.1%,India,1.0,document
1.1%,the European Union,1.0,document
1.1%,2022,1.0,document
1.1%,36.8 billion tonnes,1.0,document
1.1%,15.5 billion tonnes,1.0,document
1.1%,China,1.0,document
1.1%,CO2,1.0,document
1.1%,1.5%,1.0,document
0.5%,7.4%,1.0,document
0.5%,2023,1.0,document
0.5%,India,1.0,document
0.5%,the European Union,1.0,document
0.5%,2022,1.0,document
0.5%,36.8 billion tonnes,1.0,document
0.5%,15.5 billion tonnes,1.0,document
0.5%,China,1.0,document
0.5%,CO2,1.0,document
0.5%,1.5%,1.0,document
7.4%,2023,1.0,document
7.4%,India,1.0,document
7.4%,the European Union,1.0,document
7.4%,2022,1.0,document
7.4%,36.8 billion tonnes,1.0,document
7.4%,15.5 billion tonnes,1.0,document
7.4%,China,1.0,document
7.4%,CO2,1.0,document
7.4%,1.5%,1.0,document
2023,India,1.0,document
2023,the European Union,1.0,document
2023,2022,1.0,document
2023,36.8 billion tonnes,1.0,document
2023,15.5 billion tonnes,1.0,document
2023,China,2.0,document
2023,CO2,2.0,document
2023,1.5%,2.0,document
India,the European Union,1.0,document
India,2022,1.0,document
India,36.8 billion tonnes,1.0,document
India,15.5 billion tonnes,1.0,document
India,China,1.0,document
India,CO2,1.0,document
India,1.5%,1.0,document
the European Union,36.8 billion tonnes,1.0,document
the European Union,15.5 billion tonnes,1.0,document
the European Union,China,1.0,document
the European Union,CO2,1.0,document
the European Union,1.5%,1.0,document
2022,36.8 billion tonnes,1.0,document
2022,15.5 billion tonnes,1.0,document
2022,China,1.0,document
2022,1.5%,1.0,document
36.8 billion tonnes,15.5 billion tonnes,1.0,document
36.8 billion tonnes,China,1.0,document
36.8 billion tonnes,CO2,1.0,document
36.8 billion tonnes,1.5%,1.0,document
15.5 billion tonnes,China,1.0,document
15.5 billion tonnes,CO2,1.0,document
15.5 billion tonnes,1.5%,1.0,document
China,CO2,1.0,document
China,1.5%,1.0,document
CO2,1.5%,1.0,document
1.1%,2023,2.0,sentence
1.1%,2022,2.0,sentence
1.1%,36.8 billion tonnes,2.0,sentence
1.1%,CO2,2.0,sentence
2023,2022,2.0,sentence
2023,36.8 billion tonnes,2.0,sentence
2023,CO2,2.0,sentence
2022,36.8 billion tonnes,2.0,sentence
36.8 billion tonnes,CO2,2.0,sentence
1.0%,1.5%,2.0,sentence
1.0%,0.5%,2.0,sentence
1.0%,15.5 billion tonnes,2.0,sentence
1.5%,0.5%,2.0,sentence
1.5%,15.5 billion tonnes,2.0,sentence
0.5%,15.5 billion tonnes,2.0,sentence
India,the European Union,2.0,sentence
India,China,2.0,sentence
India,7.4%,2.0,sentence
the European Union,China,2.0,sentence
the European Union,7.4%,2.0,sentence
China,7.4%,2.0,sentence
"1,923",80,1.0,document
"1,923",20-year,1.0,document
"1,923",2023,1.0,document
"1,923",March 2024,1.0,document
"1,923",722,1.0,document
"1,923",CO2,1.0,document
"1,923",more than 2.5,1.0,document
80,2023,1.0,document
80,March 2024,1.0,document
80,722,1.0,document
80,more than 2.5,1.0,document
20-year,2023,1.0,document
20-year,March 2024,1.0,document
20-year,722,1.0,document
20-year,more than 2.5,1.0,document
2023,March 2024,1.0,document
2023,722,1.0,document
2023,more than 2.5,1.0,document
March 2024,722,1.0,document
March 2024,CO2,1.0,document
March 2024,more than 2.5,1.0,document
722,CO2,1.0,document
722,more than 2.5,1.0,document
CO2,more than 2.5,1.0,document
2023,722,2.0,sentence
2023,"1,923",2.0,sentence
2023,more than 2.5,2.0,sentence
722,"1,923",2.0,sentence
722,more than 2.5,2.0,sentence
"1,923",more than 2.5,2.0,sentence
CO2,80,2.0,sentence
CO2,20-year,2.0,sentence
Antarctic sea,The British Antarctic Survey,1.0,document
Antarctic sea,February 2024,1.0,document
Antarctic sea,2.6 million square kilometers,1.0,document
Antarctic sea,the preceding 12 months,1.0,document
Antarctic sea,1981-2010,1.0,document
Antarctic sea,9,1.0,document
Antarctic sea,Antarctic ice,1.0,document
The British Antarctic Survey,February 2024,1.0,document
The British Antarctic Survey,2.6 million square kilometers,1.0,document
The British Antarctic Survey,the preceding 12 months,1.0,document
The British Antarctic Survey,1981-2010,1.0,document
The British Antarctic Survey,9,1.0,document
The British Antarctic Survey,Antarctic ice,1.0,document
February 2024,2.6 million square kilometers,1.0,document
February 2024,the preceding 12 months,1.0,document
February 2024,1981-2010,1.0,document
February 2024,9,1.0,document
February 2024,Antarctic ice,1.0,document
2.6 million square kilometers,the preceding 12 months,1.0,document
2.6 million square kilometers,1981-2010,1.0,document
2.6 million square kilometers,9,1.0,document
2.6 million square kilometers,Antarctic ice,1.0,document
the preceding 12 months,1981-2010,1.0,document
the preceding 12 months,9,1.0,document
the preceding 12 months,Antarctic ice,1.0,document
1981-2010,9,1.0,document
1981-2010,Antarctic ice,1.0,document
9,Antarctic ice,1.0,document
Antarctic sea,The British Antarctic Survey,2.0,sentence
Antarctic sea,February 2024,2.0,sentence
Antarctic sea,the preceding 12 months,2.0,sentence
Antarctic sea,9,2.0,sentence
The British Antarctic Survey,February 2024,2.0,sentence
The British Antarctic Survey,the preceding 12 months,2.0,sentence
The British Antarctic Survey,9,2.0,sentence
February 2024,the preceding 12 months,2.0,sentence
February 2024,9,2.0,sentence
the preceding 12 months,9,2.0,sentence
1981-2010,2.6 million square kilometers,2.0,sentence
Arizona,July 2023,1.0,document
Arizona,Nature,1.0,document
Arizona,31 consecutive days,1.0,document
Arizona,43 degrees,1.0,document
Arizona,Phoenix,1.0,document
Arizona,the Northern Hemisphere,1.0,document
Arizona,The World Weather Attribution,1.0,document
Arizona,the Middle East,1.0,document
Arizona,2023 summer,1.0,document
Arizona,ETH Zurich,1.0,document
Arizona,Southern Europe,1.0,document
Arizona,approximately 2.5 degrees,1.0,document
Arizona,North Africa,1.0,document
July 2023,Nature,1.0,document
July 2023,31 consecutive days,1.0,document
July 2023,43 degrees,1.0,document
July 2023,Phoenix,1.0,document
July 2023,the Northern Hemisphere,1.0,document
July 2023,The World Weather Attribution,1.0,document
July 2023,2023 summer,1.0,document
July 2023,ETH Zurich,1.0,document
July 2023,approximately 2.5 degrees,1.0,document
Nature,31 consecutive days,1.0,document
Nature,43 degrees,1.0,document
Nature,Phoenix,1.0,document
Nature,the Northern Hemisphere,1.0,document
Nature,The World Weather Attribution,1.0,document
Nature,the Middle East,1.0,document
Nature,2023 summer,1.0,document
Nature,ETH Zurich,1.0,document
Nature,Southern Europe,1.0,document
Nature,approximately 2.5 degrees,1.0,document
Nature,North Africa,1.0,document
31 consecutive days,43 degrees,1.0,document
31 consecutive days,Phoenix,1.0,document
31 consecutive days,the Northern Hemisphere,1.0,document
31 consecutive days,The World Weather Attribution,1.0,document
31 consecutive days,the Middle East,1.0,document
31 consecutive days,2023 summer,1.0,document
31 consecutive days,ETH Zurich,1.0,document
31 consecutive days,Southern Europe,1.0,document
31 consecutive days,approximately 2.5 degrees,1.0,document
31 consecutive days,North Africa,1.0,document
43 degrees,Phoenix,1.0,document
43 degrees,the Northern Hemisphere,1.0,document
43 degrees,The World Weather Attribution,1.0,document
43 degrees,the Middle East,1.0,document
43 degrees,2023 summer,1.0,document
43 degrees,ETH Zurich,1.0,document
43 degrees,Southern Europe,1.0,document
43 degrees,approximately 2.5 degrees,1.0,document
43 degrees,North Africa,1.0,document
Phoenix,the Northern Hemisphere,1.0,document
Phoenix,The World Weather Attribution,1.0,document
Phoenix,the Middle East,1.0,document
Phoenix,2023 summer,1.0,document
Phoenix,ETH Zurich,1.0,document
Phoenix,Southern Europe,1.0,document
Phoenix,approximately 2.5 degrees,1.0,document
Phoenix,North Africa,1.0,document
the Northern Hemisphere,The World Weather Attribution,1.0,document
the Northern Hemisphere,the Middle East,2.0,document
the Northern Hemisphere,2023 summer,1.0,document
the Northern Hemisphere,ETH Zurich,1.0,document
the Northern Hemisphere,Southern Europe,1.0,document
the Northern Hemisphere,approximately 2.5 degrees,1.0,document
the Northern Hemisphere,North Africa,1.0,document
The World Weather Attribution,the Middle East,1.0,document
The World Weather Attribution,2023 summer,1.0,document
The World Weather Attribution,ETH Zurich,1.0,document
The World Weather Attribution,Southern Europe,1.0,document
The World Weather Attribution,approximately 2.5 degrees,1.0,document
The World Weather Attribution,North Africa,1.0,document
the Middle East,2023 summer,1.0,document
the Middle East,ETH Zurich,1.0,document
the Middle East,approximately 2.5 degrees,1.0,document
2023 summer,ETH Zurich,1.0,document
2023 summer,Southern Europe,1.0,document
2023 summer,approximately 2.5 degrees,1.0,document
2023 summer,North Africa,1.0,document
ETH Zurich,Southern Europe,1.0,document
ETH Zurich,approximately 2.5 degrees,1.0,document
ETH Zurich,North Africa,1.0,document
Southern Europe,approximately 2.5 degrees,1.0,document
approximately 2.5 degrees,North Africa,1.0,document
the Northern Hemisphere,ETH Zurich,2.0,sentence
the Northern Hemisphere,Nature,2.0,sentence
the Northern Hemisphere,2023 summer,2.0,sentence
ETH Zurich,Nature,2.0,sentence
ETH Zurich,2023 summer,2.0,sentence
Nature,2023 summer,2.0,sentence
July 2023,The World Weather Attribution,2.0,sentence
July 2023,the Middle East,2.0,sentence
July 2023,Southern Europe,2.0,sentence
July 2023,approximately 2.5 degrees,2.0,sentence
July 2023,North Africa,2.0,sentence
The World Weather Attribution,the Middle East,2.0,sentence
The World Weather Attribution,Southern Europe,2.0,sentence
The World Weather Attribution,approximately 2.5 degrees,2.0,sentence
The World Weather Attribution,North Africa,2.0,sentence
the Middle East,approximately 2.5 degrees,2.0,sentence
Southern Europe,approximately 2.5 degrees,2.0,sentence
approximately 2.5 degrees,North Africa,2.0,sentence
Arizona,31 consecutive days,2.0,sentence
Arizona,43 degrees,2.0,sentence
Arizona,Phoenix,2.0,sentence
31 consecutive days,43 degrees,2.0,sentence
31 consecutive days,Phoenix,2.0,sentence
43 degrees,Phoenix,2.0,sentence
Hindu Kush,over $30 billion,1.0,document
Hindu Kush,Karakoram,1.0,document
Hindu Kush,190%,1.0,document
Hindu Kush,August,1.0,document
Hindu Kush,8 million,1.0,document
Hindu Kush,one-third,1.0,document
Hindu Kush,33 million,1.0,document
Hindu Kush,"1,739",1.0,document
Hindu Kush,Pakistan,1.0,document
Hindu Kush,September 2022,1.0,document
Hindu Kush,The World Health Organization,1.0,document
over $30 billion,Karakoram,1.0,document
over $30 billion,190%,1.0,document
over $30 billion,August,1.0,document
over $30 billion,8 million,1.0,document
over $30 billion,one-third,1.0,document
over $30 billion,33 million,1.0,document
over $30 billion,"1,739",1.0,document
over $30 billion,Pakistan,1.0,document
over $30 billion,September 2022,1.0,document
over $30 billion,The World Health Organization,1.0,document
Karakoram,190%,1.0,document
Karakoram,August,1.0,document
Karakoram,8 million,1.0,document
Karakoram,one-third,1.0,document
Karakoram,33 million,1.0,document
Karakoram,"1,739",1.0,document
Karakoram,Pakistan,1.0,document
Karakoram,September 2022,1.0,document
Karakoram,The World Health Organization,1.0,document
190%,August,1.0,document
190%,8 million,1.0,document
190%,one-third,1.0,document
190%,33 million,1.0,document
190%,"1,739",1.0,document
190%,Pakistan,1.0,document
190%,September 2022,1.0,document
190%,The World Health Organization,1.0,document
August,8 million,1.0,document
August,one-third,1.0,document
August,33 million,1.0,document
August,"1,739",1.0,document
August,Pakistan,1.0,document
August,September 2022,1.0,document
August,The World Health Organization,1.0,document
8 million,one-third,1.0,document
8 million,33 million,1.0,document
8 million,"1,739",1.0,document
8 million,Pakistan,1.0,document
8 million,September 2022,1.0,document
8 million,The World Health Organization,1.0,document
one-third,33 million,1.0,document
one-third,"1,739",1.0,document
one-third,Pakistan,1.0,document
one-third,September 2022,1.0,document
one-third,The World Health Organization,1.0,document
33 million,"1,739",1.0,document
33 million,Pakistan,1.0,document
33 million,September 2022,1.0,document
33 million,The World Health Organization,1.0,document
"1,739",Pakistan,1.0,document
"1,739",September 2022,1.0,document
"1,739",The World Health Organization,1.0,document
Pakistan,September 2022,1.0,document
Pakistan,The World Health Organization,1.0,document
September 2022,The World Health Organization,1.0,document
over $30 billion,August,2.0,sentence
over $30 billion,one-third,2.0,sentence
over $30 billion,33 million,2.0,sentence
over $30 billion,Pakistan,2.0,sentence
over $30 billion,September 2022,2.0,sentence
August,one-third,2.0,sentence
August,33 million,2.0,sentence
August,Pakistan,2.0,sentence
August,September 2022,2.0,sentence
one-third,33 million,2.0,sentence
one-third,Pakistan,2.0,sentence
one-third,September 2022,2.0,sentence
33 million,Pakistan,2.0,sentence
33 million,September 2022,2.0,sentence
Pakistan,September 2022,2.0,sentence
Hindu Kush,Karakoram,2.0,sentence
Hindu Kush,190%,2.0,sentence
Karakoram,190%,2.0,sentence
"1,739",8 million,2.0,sentence
"1,739",The World Health Organization,2.0,sentence
8 million,The World Health Organization,2.0,sentence
$92.9 billion,the United States,1.0,document
$92.9 billion,Hawaii,1.0,document
$92.9 billion,2023,1.0,document
$92.9 billion,NOAA,1.0,document
$92.9 billion,28,1.0,document
$92.9 billion,Lahaina,1.0,document
$92.9 billion,100,1.0,document
$92.9 billion,billion-dollar,1.0,document
the United States,Hawaii,1.0,document
the United States,2023,2.0,document
the United States,NOAA,1.0,document
the United States,28,1.0,document
the United States,Lahaina,1.0,document
the United States,100,1.0,document
the United States,billion-dollar,1.0,document
Hawaii,2023,1.0,document
Hawaii,28,1.0,document
Hawaii,Lahaina,1.0,document
Hawaii,100,1.0,document
Hawaii,billion-dollar,1.0,document
2023,NOAA,1.0,document
2023,28,1.0,document
2023,Lahaina,1.0,document
2023,100,1.0,document
2023,billion-dollar,1.0,document
NOAA,28,1.0,document
NOAA,Lahaina,1.0,document
NOAA,100,1.0,document
NOAA,billion-dollar,1.0,document
28,Lahaina,1.0,document
28,100,1.0,document
28,billion-dollar,1.0,document
Lahaina,100,1.0,document
Lahaina,billion-dollar,1.0,document
100,billion-dollar,1.0,document
2023,$92.9 billion,2.0,sentence
2023,NOAA,2.0,sentence
2023,the United States,2.0,sentence
$92.9 billion,NOAA,2.0,sentence
$92.9 billion,the United States,2.0,sentence
NOAA,the United States,2.0,sentence
Hawaii,Lahaina,2.0,sentence
Hawaii,28,2.0,sentence
Hawaii,100,2.0,sentence
Hawaii,billion-dollar,2.0,sentence
Lahaina,28,2.0,sentence
Lahaina,100,2.0,sentence
Lahaina,billion-dollar,2.0,sentence
28,100,2.0,sentence
28,billion-dollar,2.0,sentence
100,billion-dollar,2.0,sentence
The Lancet Countdown on Health and Climate Change,2050,1.0,document
The Lancet Countdown on Health and Climate Change,the Middle East,1.0,document
The Lancet Countdown on Health and Climate Change,South Asia,1.0,document
The Lancet Countdown on Health and Climate Change,68%,1.0,document
The Lancet Countdown on Health and Climate Change,"approximately 250,000",1.0,document
The Lancet Countdown on Health and Climate Change,between 2030,1.0,document
The Lancet Countdown on Health and Climate Change,between 2000 and 2022,1.0,document
The Lancet Countdown on Health and Climate Change,The World Health Organization,1.0,document
2050,the Middle East,2.0,document
2050,South Asia,1.0,document
2050,68%,1.0,document
2050,"approximately 250,000",1.0,document
2050,between 2030,1.0,document
2050,between 2000 and 2022,1.0,document
2050,The World Health Organization,1.0,document
the Middle East,South Asia,2.0,document
the Middle East,68%,1.0,document
the Middle East,"approximately 250,000",1.0,document
the Middle East,between 2030,1.0,document
the Middle East,between 2000 and 2022,1.0,document
the Middle East,The World Health Organization,1.0,document
South Asia,68%,1.0,document
South Asia,"approximately 250,000",1.0,document
South Asia,between 2030,1.0,document
South Asia,between 2000 and 2022,1.0,document
South Asia,The World Health Organization,1.0,document
68%,"approximately 250,000",1.0,document
68%,between 2030,1.0,document
68%,between 2000 and 2022,1.0,document
68%,The World Health Organization,1.0,document
"approximately 250,000",between 2030,1.0,document
"approximately 250,000",between 2000 and 2022,1.0,document
"approximately 250,000",The World Health Organization,1.0,document
between 2030,between 2000 and 2022,1.0,document
between 2030,The World Health Organization,1.0,document
between 2000 and 2022,The World Health Organization,1.0,document
2050,"approximately 250,000",2.0,sentence
2050,between 2030,2.0,sentence
2050,The World Health Organization,2.0,sentence
"approximately 250,000",between 2030,2.0,sentence
"approximately 250,000",The World Health Organization,2.0,sentence
between 2030,The World Health Organization,2.0,sentence
The Lancet Countdown on Health and Climate Change,South Asia,2.0,sentence
The Lancet Countdown on Health and Climate Change,the Middle East,2.0,sentence
The Lancet Countdown on Health and Climate Change,68%,2.0,sentence
The Lancet Countdown on Health and Climate Change,between 2000 and 2022,2.0,sentence
South Asia,the Middle East,2.0,sentence
South Asia,68%,2.0,sentence
South Asia,between 2000 and 2022,2.0,sentence
the Middle East,68%,2.0,sentence
the Middle East,between 2000 and 2022,2.0,sentence
68%,between 2000 and 2022,2.0,sentence
36 million,Five,1.0,document
36 million,East Africa,1.0,document
36 million,Ethiopia,1.0,document
36 million,2.4 million,1.0,document
36 million,40 years,1.0,document
36 million,late 2023,1.0,document
36 million,over 13 million,1.0,document
36 million,2020-2023,1.0,document
36 million,Kenya,1.0,document
36 million,Somalia,1.0,document
Five,East Africa,1.0,document
Five,Ethiopia,1.0,document
Five,2.4 million,1.0,document
Five,40 years,1.0,document
Five,late 2023,1.0,document
Five,over 13 million,1.0,document
Five,2020-2023,1.0,document
Five,Kenya,1.0,document
Five,Somalia,1.0,document
East Africa,Ethiopia,1.0,document
East Africa,2.4 million,1.0,document
East Africa,40 years,1.0,document
East Africa,late 2023,1.0,document
East Africa,over 13 million,1.0,document
East Africa,2020-2023,1.0,document
East Africa,Kenya,1.0,document
East Africa,Somalia,1.0,document
Ethiopia,2.4 million,1.0,document
Ethiopia,40 years,1.0,document
Ethiopia,late 2023,1.0,document
Ethiopia,over 13 million,1.0,document
Ethiopia,2020-2023,1.0,document
Ethiopia,Kenya,1.0,document
Ethiopia,Somalia,1.0,document
2.4 million,40 years,1.0,document
2.4 million,late 2023,1.0,document
2.4 million,over 13 million,1.0,document
2.4 million,2020-2023,1.0,document
2.4 million,Kenya,1.0,document
2.4 million,Somalia,1.0,document
40 years,late 2023,1.0,document
40 years,over 13 million,1.0,document
40 years,2020-2023,1.0,document
40 years,Kenya,1.0,document
40 years,Somalia,1.0,document
late 2023,over 13 million,1.0,document
late 2023,2020-2023,1.0,document
late 2023,Kenya,1.0,document
late 2023,Somalia,1.0,document
over 13 million,2020-2023,1.0,document
over 13 million,Kenya,1.0,document
over 13 million,Somalia,1.0,document
2020-2023,Kenya,1.0,document
2020-2023,Somalia,1.0,document
Kenya,Somalia,1.0,document
36 million,East Africa,2.0,sentence
36 million,Ethiopia,2.0,sentence
36 million,40 years,2.0,sentence
36 million,2020-2023,2.0,sentence
36 million,Kenya,2.0,sentence
36 million,Somalia,2.0,sentence
East Africa,Ethiopia,2.0,sentence
East Africa,40 years,2.0,sentence
East Africa,2020-2023,2.0,sentence
East Africa,Kenya,2.0,sentence
East Africa,Somalia,2.0,sentence
Ethiopia,40 years,2.0,sentence
Ethiopia,2020-2023,2.0,sentence
Ethiopia,Kenya,2.0,sentence
Ethiopia,Somalia,2.0,sentence
40 years,2020-2023,2.0,sentence
40 years,Kenya,2.0,sentence
40 years,Somalia,2.0,sentence
2020-2023,Kenya,2.0,sentence
2020-2023,Somalia,2.0,sentence
Kenya,Somalia,2.0,sentence
over 13 million,Five,2.0,sentence
2.4 million,late 2023,2.0,sentence
2.4 million,Somalia,2.0,sentence
late 2023,Somalia,2.0,sentence
12 days,4.2 million,1.0,document
12 days,three,1.0,document
12 days,75 micrograms per cubic meter,1.0,document
12 days,Amman,1.0,document
12 days,WHO,1.0,document
12 days,25,1.0,document
12 days,The Ministry of Health,1.0,document
12 days,the 2023 summer,1.0,document
4.2 million,three,1.0,document
4.2 million,75 micrograms per cubic meter,1.0,document
4.2 million,Amman,1.0,document
4.2 million,WHO,1.0,document
4.2 million,25,1.0,document
4.2 million,The Ministry of Health,1.0,document
4.2 million,the 2023 summer,1.0,document
three,75 micrograms per cubic meter,1.0,document
three,Amman,1.0,document
three,WHO,1.0,document
three,25,1.0,document
three,The Ministry of Health,1.0,document
three,the 2023 summer,1.0,document
75 micrograms per cubic meter,Amman,1.0,document
75 micrograms per cubic meter,WHO,1.0,document
75 micrograms per cubic meter,25,1.0,document
75 micrograms per cubic meter,The Ministry of Health,1.0,document
75 micrograms per cubic meter,the 2023 summer,1.0,document
Amman,WHO,1.0,document
Amman,25,1.0,document
Amman,The Ministry of Health,1.0,document
Amman,the 2023 summer,1.0,document
WHO,25,1.0,document
WHO,The Ministry of Health,1.0,document
WHO,the 2023 summer,1.0,document
25,The Ministry of Health,1.0,document
25,the 2023 summer,1.0,document
The Ministry of Health,the 2023 summer,1.0,document
12 days,three,2.0,sentence
12 days,75 micrograms per cubic meter,2.0,sentence
12 days,Amman,2.0,sentence
12 days,WHO,2.0,sentence
12 days,25,2.0,sentence
12 days,the 2023 summer,2.0,sentence
three,75 micrograms per cubic meter,2.0,sentence
three,Amman,2.0,sentence
three,WHO,2.0,sentence
three,25,2.0,sentence
three,the 2023 summer,2.0,sentence
75 micrograms per cubic meter,Amman,2.0,sentence
75 micrograms per cubic meter,WHO,2.0,sentence
75 micrograms per cubic meter,25,2.0,sentence
75 micrograms per cubic meter,the 2023 summer,2.0,sentence
Amman,WHO,2.0,sentence
Amman,25,2.0,sentence
Amman,the 2023 summer,2.0,sentence
WHO,25,2.0,sentence
WHO,the 2023 summer,2.0,sentence
25,the 2023 summer,2.0,sentence
the Internal Displacement Monitoring Centre,UNHCR,1.0,document
the Internal Displacement Monitoring Centre,Levant,1.0,document
the Internal Displacement Monitoring Centre,2023,1.0,document
the Internal Displacement Monitoring Centre,The Middle East,1.0,document
the Internal Displacement Monitoring Centre,Lebanon,1.0,document
the Internal Displacement Monitoring Centre,Turkey,1.0,document
the Internal Displacement Monitoring Centre,Jordan,1.0,document
the Internal Displacement Monitoring Centre,26.4 million,1.0,document
the Internal Displacement Monitoring Centre,1.2 million,1.0,document
the Internal Displacement Monitoring Centre,North Africa,1.0,document
the Internal Displacement Monitoring Centre,Libya,1.0,document
UNHCR,Levant,1.0,document
UNHCR,2023,1.0,document
UNHCR,The Middle East,1.0,document
UNHCR,Lebanon,1.0,document
UNHCR,Turkey,1.0,document
UNHCR,Jordan,2.0,document
UNHCR,26.4 million,1.0,document
UNHCR,1.2 million,1.0,document
UNHCR,North Africa,1.0,document
UNHCR,Libya,1.0,document
Levant,2023,1.0,document
Levant,The Middle East,1.0,document
Levant,Lebanon,1.0,document
Levant,Turkey,1.0,document
Levant,Jordan,1.0,document
Levant,26.4 million,1.0,document
Levant,1.2 million,1.0,document
Levant,North Africa,1.0,document
Levant,Libya,1.0,document
2023,The Middle East,2.0,document
2023,Lebanon,1.0,document
2023,Turkey,1.0,document
2023,26.4 million,1.0,document
2023,1.2 million,1.0,document
2023,Libya,1.0,document
The Middle East,Lebanon,1.0,document
The Middle East,Turkey,1.0,document
The Middle East,Jordan,1.0,document
The Middle East,26.4 million,1.0,document
The Middle East,1.2 million,1.0,document
The Middle East,North Africa,2.0,document
The Middle East,Libya,1.0,document
Lebanon,Turkey,1.0,document
Lebanon,Jordan,1.0,document
Lebanon,26.4 million,1.0,document
Lebanon,1.2 million,1.0,document
Lebanon,North Africa,1.0,document
Lebanon,Libya,1.0,document
Turkey,Jordan,1.0,document
Turkey,26.4 million,1.0,document
Turkey,1.2 million,1.0,document
Turkey,North Africa,1.0,document
Turkey,Libya,1.0,document
Jordan,26.4 million,1.0,document
Jordan,1.2 million,1.0,document
Jordan,North Africa,1.0,document
Jordan,Libya,1.0,document
26.4 million,1.2 million,1.0,document
26.4 million,North Africa,1.0,document
26.4 million,Libya,1.0,document
1.2 million,North Africa,1.0,document
1.2 million,Libya,1.0,document
North Africa,Libya,1.0,document
2023,the Internal Displacement Monitoring Centre,2.0,sentence
2023,26.4 million,2.0,sentence
the Internal Displacement Monitoring Centre,26.4 million,2.0,sentence
Levant,The Middle East,2.0,sentence
Levant,1.2 million,2.0,sentence
Levant,North Africa,2.0,sentence
Levant,Libya,2.0,sentence
The Middle East,1.2 million,2.0,sentence
The Middle East,North Africa,4.0,sentence
The Middle East,Libya,2.0,sentence
1.2 million,North Africa,2.0,sentence
1.2 million,Libya,2.0,sentence
North Africa,Libya,2.0,sentence
Jordan,UNHCR,2.0,sentence
Jordan,Turkey,2.0,sentence
Jordan,Lebanon,2.0,sentence
UNHCR,Turkey,2.0,sentence
UNHCR,Lebanon,2.0,sentence
Turkey,Lebanon,2.0,sentence
Europe,one,1.0,document
Europe,"760,000 tonnes",1.0,document
Europe,580 megawatts,1.0,document
Europe,up to 7 hours,1.0,document
Europe,Morocco,1.0,document
Europe,annually,1.0,document
Europe,2030,1.0,document
Europe,CO2,1.0,document
Europe,Noor-Ouarzazate,1.0,document
Europe,$2.5 billion,1.0,document
Europe,52%,1.0,document
Europe,Sahara,1.0,document
one,"760,000 tonnes",1.0,document
one,580 megawatts,1.0,document
one,up to 7 hours,1.0,document
one,Morocco,1.0,document
one,annually,1.0,document
one,2030,1.0,document
one,CO2,1.0,document
one,Noor-Ouarzazate,1.0,document
one,$2.5 billion,1.0,document
one,52%,1.0,document
one,Sahara,1.0,document
"760,000 tonnes",580 megawatts,1.0,document
"760,000 tonnes",up to 7 hours,1.0,document
"760,000 tonnes",Morocco,1.0,document
"760,000 tonnes",annually,1.0,document
"760,000 tonnes",2030,1.0,document
"760,000 tonnes",CO2,1.0,document
"760,000 tonnes",Noor-Ouarzazate,1.0,document
"760,000 tonnes",$2.5 billion,1.0,document
"760,000 tonnes",52%,1.0,document
"760,000 tonnes",Sahara,1.0,document
580 megawatts,up to 7 hours,1.0,document
580 megawatts,Morocco,1.0,document
580 megawatts,annually,1.0,document
580 megawatts,2030,1.0,document
580 megawatts,CO2,1.0,document
580 megawatts,Noor-Ouarzazate,1.0,document
580 megawatts,$2.5 billion,1.0,document
580 megawatts,52%,1.0,document
580 megawatts,Sahara,1.0,document
up to 7 hours,Morocco,1.0,document
up to 7 hours,annually,1.0,document
up to 7 hours,2030,1.0,document
up to 7 hours,CO2,1.0,document
up to 7 hours,Noor-Ouarzazate,1.0,document
up to 7 hours,$2.5 billion,1.0,document
up to 7 hours,52%,1.0,document
up to 7 hours,Sahara,1.0,document
Morocco,annually,1.0,document
Morocco,2030,1.0,document
Morocco,CO2,1.0,document
Morocco,Noor-Ouarzazate,1.0,document
Morocco,$2.5 billion,1.0,document
Morocco,52%,1.0,document
Morocco,Sahara,1.0,document
annually,CO2,1.0,document
annually,Noor-Ouarzazate,1.0,document
annually,$2.5 billion,1.0,document
annually,52%,1.0,document
annually,Sahara,1.0,document
2030,CO2,1.0,document
2030,Noor-Ouarzazate,1.0,document
2030,$2.5 billion,1.0,document
2030,52%,1.0,document
2030,Sahara,1.0,document
CO2,Noor-Ouarzazate,1.0,document
CO2,$2.5 billion,1.0,document
CO2,52%,1.0,document
CO2,Sahara,1.0,document
Noor-Ouarzazate,$2.5 billion,1.0,document
Noor-Ouarzazate,52%,1.0,document
Noor-Ouarzazate,Sahara,1.0,document
$2.5 billion,52%,1.0,document
$2.5 billion,Sahara,1.0,document
52%,Sahara,1.0,document
one,580 megawatts,2.0,sentence
one,up to 7 hours,2.0,sentence
one,Morocco,2.0,sentence
one,Noor-Ouarzazate,2.0,sentence
580 megawatts,up to 7 hours,2.0,sentence
580 megawatts,Morocco,2.0,sentence
580 megawatts,Noor-Ouarzazate,2.0,sentence
up to 7 hours,Morocco,2.0,sentence
up to 7 hours,Noor-Ouarzazate,2.0,sentence
Morocco,Noor-Ouarzazate,2.0,sentence
"760,000 tonnes",annually,2.0,sentence
"760,000 tonnes",Morocco,2.0,sentence
"760,000 tonnes",CO2,2.0,sentence
"760,000 tonnes",$2.5 billion,2.0,sentence
annually,Morocco,2.0,sentence
annually,CO2,2.0,sentence
annually,$2.5 billion,2.0,sentence
Morocco,CO2,2.0,sentence
Morocco,$2.5 billion,2.0,sentence
CO2,$2.5 billion,2.0,sentence
Europe,Morocco,2.0,sentence
Europe,2030,2.0,sentence
Europe,52%,2.0,sentence
Europe,Sahara,2.0,sentence
Morocco,2030,2.0,sentence
Morocco,52%,2.0,sentence
Morocco,Sahara,2.0,sentence
2030,52%,2.0,sentence
2030,Sahara,2.0,sentence
52%,Sahara,2.0,sentence
January 2021,2024,1.0,document
January 2021,100 million,1.0,document
January 2021,2007,1.0,document
January 2021,Senegal,1.0,document
January 2021,20,1.0,document
January 2021,the One Planet Summit,1.0,document
January 2021,Djibouti,1.0,document
January 2021,approximately 18 million,1.0,document
January 2021,$19 billion,1.0,document
January 2021,Sahel Initiative,1.0,document
January 2021,"8,000 kilometers",1.0,document
January 2021,UNEP,1.0,document
January 2021,African,1.0,document
January 2021,Sahara,1.0,document
2024,100 million,1.0,document
2024,2007,1.0,document
2024,Senegal,1.0,document
2024,20,1.0,document
2024,the One Planet Summit,1.0,document
2024,Djibouti,1.0,document
2024,approximately 18 million,1.0,document
2024,$19 billion,1.0,document
2024,Sahel Initiative,1.0,document
2024,"8,000 kilometers",1.0,document
2024,UNEP,1.0,document
2024,African,1.0,document
2024,Sahara,1.0,document
100 million,2007,1.0,document
100 million,Senegal,1.0,document
100 million,20,1.0,document
100 million,the One Planet Summit,1.0,document
100 million,Djibouti,1.0,document
100 million,approximately 18 million,1.0,document
100 million,$19 billion,1.0,document
100 million,Sahel Initiative,1.0,document
100 million,"8,000 kilometers",1.0,document
100 million,UNEP,1.0,document
100 million,African,1.0,document
100 million,Sahara,1.0,document
2007,Senegal,1.0,document
2007,20,1.0,document
2007,the One Planet Summit,1.0,document
2007,Djibouti,1.0,document
2007,approximately 18 million,1.0,document
2007,$19 billion,1.0,document
2007,Sahel Initiative,1.0,document
2007,"8,000 kilometers",1.0,document
2007,UNEP,1.0,document
2007,African,1.0,document
2007,Sahara,1.0,document
Senegal,20,1.0,document
Senegal,the One Planet Summit,1.0,document
Senegal,Djibouti,1.0,document
Senegal,approximately 18 million,1.0,document
Senegal,$19 billion,1.0,document
Senegal,Sahel Initiative,1.0,document
Senegal,"8,000 kilometers",1.0,document
Senegal,UNEP,1.0,document
Senegal,African,1.0,document
Senegal,Sahara,1.0,document
20,the One Planet Summit,1.0,document
20,Djibouti,1.0,document
20,approximately 18 million,1.0,document
20,$19 billion,1.0,document
20,Sahel Initiative,1.0,document
20,"8,000 kilometers",1.0,document
20,UNEP,1.0,document
20,African,1.0,document
20,Sahara,1.0,document
the One Planet Summit,Djibouti,1.0,document
the One Planet Summit,approximately 18 million,1.0,document
the One Planet Summit,$19 billion,1.0,document
the One Planet Summit,Sahel Initiative,1.0,document
the One Planet Summit,"8,000 kilometers",1.0,document
the One Planet Summit,UNEP,1.0,document
the One Planet Summit,African,1.0,document
the One Planet Summit,Sahara,1.0,document
Djibouti,approximately 18 million,1.0,document
Djibouti,$19 billion,1.0,document
Djibouti,Sahel Initiative,1.0,document
Djibouti,"8,000 kilometers",1.0,document
Djibouti,UNEP,1.0,document
Djibouti,African,1.0,document
Djibouti,Sahara,1.0,document
approximately 18 million,$19 billion,1.0,document
approximately 18 million,Sahel Initiative,1.0,document
approximately 18 million,"8,000 kilometers",1.0,document
approximately 18 million,UNEP,1.0,document
approximately 18 million,African,1.0,document
approximately 18 million,Sahara,1.0,document
$19 billion,Sahel Initiative,1.0,document
$19 billion,"8,000 kilometers",1.0,document
$19 billion,UNEP,1.0,document
$19 billion,African,1.0,document
$19 billion,Sahara,1.0,document
Sahel Initiative,"8,000 kilometers",1.0,document
Sahel Initiative,UNEP,1.0,document
Sahel Initiative,African,1.0,document
Sahel Initiative,Sahara,1.0,document
"8,000 kilometers",UNEP,1.0,document
"8,000 kilometers",African,1.0,document
"8,000 kilometers",Sahara,1.0,document
UNEP,African,1.0,document
UNEP,Sahara,1.0,document
African,Sahara,1.0,document
100 million,2007,2.0,sentence
100 million,Senegal,2.0,sentence
100 million,Djibouti,2.0,sentence
100 million,Sahel Initiative,2.0,sentence
100 million,"8,000 kilometers",2.0,sentence
100 million,Sahara,2.0,sentence
2007,Senegal,2.0,sentence
2007,Djibouti,2.0,sentence
2007,Sahel Initiative,2.0,sentence
2007,"8,000 kilometers",2.0,sentence
2007,Sahara,2.0,sentence
Senegal,Djibouti,2.0,sentence
Senegal,Sahel Initiative,2.0,sentence
Senegal,"8,000 kilometers",2.0,sentence
Senegal,Sahara,2.0,sentence
Djibouti,Sahel Initiative,2.0,sentence
Djibouti,"8,000 kilometers",2.0,sentence
Djibouti,Sahara,2.0,sentence
Sahel Initiative,"8,000 kilometers",2.0,sentence
Sahel Initiative,Sahara,2.0,sentence
"8,000 kilometers",Sahara,2.0,sentence
2024,approximately 18 million,2.0,sentence
January 2021,the One Planet Summit,2.0,sentence
January 2021,20,2.0,sentence
January 2021,$19 billion,2.0,sentence
January 2021,UNEP,2.0,sentence
January 2021,African,2.0,sentence
the One Planet Summit,20,2.0,sentence
the One Planet Summit,$19 billion,2.0,sentence
the One Planet Summit,UNEP,2.0,sentence
the One Planet Summit,African,2.0,sentence
20,$19 billion,2.0,sentence
20,UNEP,2.0,sentence
20,African,2.0,sentence
$19 billion,UNEP,2.0,sentence
$19 billion,African,2.0,sentence
UNEP,African,2.0,sentence
3-degree,2023,1.0,document
3-degree,2027,1.0,document
3-degree,Saudi Arabia's,1.0,document
3-degree,$2 billion,1.0,document
3-degree,Medina al-Munawwarah,1.0,document
2023,2027,2.0,document
2023,Saudi Arabia's,1.0,document
2023,$2 billion,1.0,document
2023,Medina al-Munawwarah,1.0,document
2027,Saudi Arabia's,1.0,document
2027,$2 billion,1.0,document
2027,Medina al-Munawwarah,1.0,document
Saudi Arabia's,$2 billion,1.0,document
Saudi Arabia's,Medina al-Munawwarah,1.0,document
$2 billion,Medina al-Munawwarah,1.0,document
2023,Medina al-Munawwarah,2.0,sentence
2027,3-degree,2.0,sentence
$2 billion,Saudi Arabia's,2.0,sentence
the Paris Agreement,57%,1.0,document
the Paris Agreement,2100,1.0,document
the Paris Agreement,2023,1.0,document
the Paris Agreement,2.5,1.0,document
the Paris Agreement,Emissions Gap Report,1.0,document
the Paris Agreement,2030,1.0,document
the Paris Agreement,42%,1.0,document
the Paris Agreement,2.9 degrees,1.0,document
the Paris Agreement,UNEP,1.0,document
the Paris Agreement,2035,1.0,document
the Paris Agreement,2.0 degrees,1.0,document
the Paris Agreement,2019,1.0,document
57%,2100,1.0,document
57%,2023,1.0,document
57%,2.5,1.0,document
57%,Emissions Gap Report,1.0,document
57%,2030,1.0,document
57%,42%,1.0,document
57%,2.9 degrees,1.0,document
57%,UNEP,1.0,document
57%,2035,1.0,document
57%,2.0 degrees,1.0,document
57%,2019,1.0,document
2100,2.5,1.0,document
2100,Emissions Gap Report,1.0,document
2100,2030,1.0,document
2100,42%,1.0,document
2100,2.9 degrees,1.0,document
2100,2035,1.0,document
2100,2.0 degrees,1.0,document
2100,2019,1.0,document
2023,2.5,2.0,document
2023,Emissions Gap Report,1.0,document
2023,42%,1.0,document
2023,2.9 degrees,1.0,document
2023,2035,1.0,document
2023,2.0 degrees,1.0,document
2023,2019,1.0,document
2.5,Emissions Gap Report,1.0,document
2.5,2030,1.0,document
2.5,42%,1.0,document
2.5,2.9 degrees,1.0,document
2.5,UNEP,1.0,document
2.5,2035,1.0,document
2.5,2.0 degrees,1.0,document
2.5,2019,1.0,document
Emissions Gap Report,2030,1.0,document
Emissions Gap Report,42%,1.0,document
Emissions Gap Report,2.9 degrees,1.0,document
Emissions Gap Report,UNEP,1.0,document
Emissions Gap Report,2035,1.0,document
Emissions Gap Report,2.0 degrees,1.0,document
Emissions Gap Report,2019,1.0,document
2030,42%,1.0,document
2030,2.9 degrees,1.0,document
2030,UNEP,2.0,document
2030,2035,1.0,document
2030,2.0 degrees,1.0,document
2030,2019,2.0,document
42%,2.9 degrees,1.0,document
42%,UNEP,1.0,document
42%,2035,1.0,document
42%,2.0 degrees,1.0,document
42%,2019,1.0,document
2.9 degrees,UNEP,1.0,document
2.9 degrees,2035,1.0,document
2.9 degrees,2.0 degrees,1.0,document
2.9 degrees,2019,1.0,document
UNEP,2035,1.0,document
UNEP,2.0 degrees,1.0,document
UNEP,2019,1.0,document
2035,2.0 degrees,1.0,document
2035,2019,1.0,document
2.0 degrees,2019,1.0,document
2100,2023,2.0,sentence
2100,2.5,2.0,sentence
2100,Emissions Gap Report,2.0,sentence
2100,2.9 degrees,2.0,sentence
2100,UNEP,2.0,sentence
2023,2.5,2.0,sentence
2023,Emissions Gap Report,2.0,sentence
2023,2.9 degrees,2.0,sentence
2.5,Emissions Gap Report,2.0,sentence
2.5,2.9 degrees,2.0,sentence
2.5,UNEP,2.0,sentence
Emissions Gap Report,2.9 degrees,2.0,sentence
Emissions Gap Report,UNEP,2.0,sentence
2.9 degrees,UNEP,2.0,sentence
the Paris Agreement,2.0 degrees,2.0,sentence
57%,2030,2.0,sentence
57%,42%,2.0,sentence
57%,2035,2.0,sentence
57%,2019,2.0,sentence
2030,42%,2.0,sentence
2030,2035,2.0,sentence
2030,2019,4.0,sentence
42%,2035,2.0,sentence
42%,2019,2.0,sentence
2035,2019,2.0,sentence
the Palestinian Authority,World Bank,1.0,document
the Palestinian Authority,2024,1.0,document
the Palestinian Authority,the Red Sea,1.0,document
the Palestinian Authority,$10 billion,1.0,document
the Palestinian Authority,300 million cubic meters,1.0,document
the Palestinian Authority,Israel,1.0,document
the Palestinian Authority,Jordan,1.0,document
the Palestinian Authority,800 megawatts,1.0,document
the Palestinian Authority,400-meter,1.0,document
the Palestinian Authority,Dead Sea,1.0,document
World Bank,2024,1.0,document
World Bank,the Red Sea,1.0,document
World Bank,$10 billion,1.0,document
World Bank,300 million cubic meters,1.0,document
World Bank,Israel,1.0,document
World Bank,Jordan,1.0,document
World Bank,800 megawatts,1.0,document
World Bank,400-meter,1.0,document
World Bank,Dead Sea,1.0,document
2024,the Red Sea,1.0,document
2024,$10 billion,1.0,document
2024,300 million cubic meters,1.0,document
2024,Israel,1.0,document
2024,Jordan,1.0,document
2024,800 megawatts,1.0,document
2024,400-meter,1.0,document
2024,Dead Sea,1.0,document
the Red Sea,$10 billion,1.0,document
the Red Sea,300 million cubic meters,1.0,document
the Red Sea,Israel,1.0,document
the Red Sea,Jordan,1.0,document
the Red Sea,800 megawatts,1.0,document
the Red Sea,400-meter,1.0,document
the Red Sea,Dead Sea,1.0,document
$10 billion,300 million cubic meters,1.0,document
$10 billion,Israel,1.0,document
$10 billion,Jordan,1.0,document
$10 billion,800 megawatts,1.0,document
$10 billion,400-meter,1.0,document
$10 billion,Dead Sea,1.0,document
300 million cubic meters,Israel,1.0,document
300 million cubic meters,Jordan,1.0,document
300 million cubic meters,800 megawatts,1.0,document
300 million cubic meters,400-meter,1.0,document
300 million cubic meters,Dead Sea,1.0,document
Israel,Jordan,1.0,document
Israel,800 megawatts,1.0,document
Israel,400-meter,1.0,document
Israel,Dead Sea,1.0,document
Jordan,800 megawatts,1.0,document
Jordan,400-meter,1.0,document
Jordan,Dead Sea,1.0,document
800 megawatts,400-meter,1.0,document
800 megawatts,Dead Sea,1.0,document
400-meter,Dead Sea,1.0,document
the Palestinian Authority,300 million cubic meters,2.0,sentence
the Palestinian Authority,Israel,2.0,sentence
the Palestinian Authority,Jordan,2.0,sentence
the Palestinian Authority,Dead Sea,2.0,sentence
300 million cubic meters,Israel,2.0,sentence
300 million cubic meters,Jordan,2.0,sentence
300 million cubic meters,Dead Sea,2.0,sentence
Israel,Jordan,2.0,sentence
Israel,Dead Sea,2.0,sentence
Jordan,Dead Sea,2.0,sentence
800 megawatts,400-meter,2.0,sentence
800 megawatts,$10 billion,2.0,sentence
800 megawatts,the Red Sea,2.0,sentence
400-meter,$10 billion,2.0,sentence
400-meter,the Red Sea,2.0,sentence
$10 billion,the Red Sea,2.0,sentence
World Bank,2024,2.0,sentence
40%,The Lancet Planetary Health,1.0,document
40%,annually,2.0,document
40%,South Asia,1.0,document
40%,the Middle East,1.0,document
40%,$2.4 trillion,1.0,document
40%,Jordan,2.0,document
40%,12%,1.0,document
40%,months,1.0,document
40%,35 degrees,1.0,document
The Lancet Planetary Health,annually,1.0,document
The Lancet Planetary Health,South Asia,1.0,document
The Lancet Planetary Health,the Middle East,1.0,document
The Lancet Planetary Health,$2.4 trillion,1.0,document
The Lancet Planetary Health,2030,1.0,document
The Lancet Planetary Health,Jordan,1.0,document
The Lancet Planetary Health,12%,1.0,document
The Lancet Planetary Health,months,1.0,document
The Lancet Planetary Health,35 degrees,1.0,document
annually,South Asia,1.0,document
annually,the Middle East,1.0,document
annually,$2.4 trillion,1.0,document
annually,12%,1.0,document
annually,months,1.0,document
annually,35 degrees,1.0,document
South Asia,the Middle East,1.0,document
South Asia,$2.4 trillion,1.0,document
South Asia,2030,1.0,document
South Asia,Jordan,1.0,document
South Asia,12%,1.0,document
South Asia,months,1.0,document
South Asia,35 degrees,1.0,document
the Middle East,$2.4 trillion,1.0,document
the Middle East,2030,2.0,document
the Middle East,Jordan,2.0,document
the Middle East,12%,1.0,document
the Middle East,months,1.0,document
the Middle East,35 degrees,1.0,document
$2.4 trillion,2030,1.0,document
$2.4 trillion,Jordan,1.0,document
$2.4 trillion,12%,1.0,document
$2.4 trillion,months,1.0,document
$2.4 trillion,35 degrees,1.0,document
2030,12%,1.0,document
2030,months,1.0,document
2030,35 degrees,1.0,document
Jordan,12%,1.0,document
Jordan,months,1.0,document
Jordan,35 degrees,1.0,document
12%,months,1.0,document
12%,35 degrees,1.0,document
months,35 degrees,1.0,document
12%,35 degrees,2.0,sentence
12%,The Lancet Planetary Health,2.0,sentence
35 degrees,The Lancet Planetary Health,2.0,sentence
annually,the Middle East,2.0,sentence
annually,South Asia,2.0,sentence
annually,$2.4 trillion,2.0,sentence
the Middle East,South Asia,4.0,sentence
the Middle East,$2.4 trillion,2.0,sentence
the Middle East,2030,2.0,sentence
South Asia,$2.4 trillion,2.0,sentence
South Asia,2030,2.0,sentence
$2.4 trillion,2030,2.0,sentence
40%,Jordan,4.0,sentence
40%,months,2.0,sentence
Jordan,months,2.0,sentence
26.0 million square kilometers,approximately 2066,1.0,document
26.0 million square kilometers,"September 21, 2023",1.0,document
26.0 million square kilometers,Antarctic,1.0,document
26.0 million square kilometers,Antarctica,1.0,document
26.0 million square kilometers,NOAA,1.0,document
26.0 million square kilometers,1979,1.0,document
26.0 million square kilometers,NASA,1.0,document
26.0 million square kilometers,the Montreal Protocol,1.0,document
26.0 million square kilometers,12th,1.0,document
approximately 2066,"September 21, 2023",1.0,document
approximately 2066,Antarctic,1.0,document
approximately 2066,Antarctica,1.0,document
approximately 2066,NOAA,1.0,document
approximately 2066,1979,1.0,document
approximately 2066,NASA,1.0,document
approximately 2066,the Montreal Protocol,1.0,document
approximately 2066,12th,1.0,document
"September 21, 2023",Antarctic,1.0,document
"September 21, 2023",Antarctica,1.0,document
"September 21, 2023",NOAA,1.0,document
"September 21, 2023",1979,1.0,document
"September 21, 2023",NASA,1.0,document
"September 21, 2023",the Montreal Protocol,1.0,document
"September 21, 2023",12th,1.0,document
Antarctic,Antarctica,1.0,document
Antarctic,NOAA,1.0,document
Antarctic,1979,1.0,document
Antarctic,NASA,1.0,document
Antarctic,the Montreal Protocol,1.0,document
Antarctic,12th,1.0,document
Antarctica,NOAA,1.0,document
Antarctica,1979,1.0,document
Antarctica,NASA,1.0,document
Antarctica,the Montreal Protocol,1.0,document
Antarctica,12th,1.0,document
NOAA,1979,1.0,document
NOAA,NASA,1.0,document
NOAA,the Montreal Protocol,1.0,document
NOAA,12th,1.0,document
1979,NASA,1.0,document
1979,the Montreal Protocol,1.0,document
1979,12th,1.0,document
NASA,the Montreal Protocol,1.0,document
NASA,12th,1.0,document
the Montreal Protocol,12th,1.0,document
26.0 million square kilometers,"September 21, 2023",2.0,sentence
26.0 million square kilometers,Antarctic,2.0,sentence
26.0 million square kilometers,1979,2.0,sentence
26.0 million square kilometers,12th,2.0,sentence
"September 21, 2023",Antarctic,2.0,sentence
"September 21, 2023",1979,2.0,sentence
"September 21, 2023",12th,2.0,sentence
Antarctic,1979,2.0,sentence
Antarctic,12th,2.0,sentence
1979,12th,2.0,sentence
approximately 2066,Antarctica,2.0,sentence
approximately 2066,the Montreal Protocol,2.0,sentence
Antarctica,the Montreal Protocol,2.0,sentence
NASA,NOAA,2.0,sentence
Mediterranean,117 megawatts,1.0,document
Mediterranean,2050,2.0,document
Mediterranean,"approximately 80,000",1.0,document
Mediterranean,Jordanian,1.0,document
Mediterranean,annually,1.0,document
Mediterranean,Jordan,1.0,document
Mediterranean,5-15%,1.0,document
Mediterranean,Al Tafila,1.0,document
Mediterranean,38,1.0,document
117 megawatts,2050,1.0,document
117 megawatts,"approximately 80,000",1.0,document
117 megawatts,Jordanian,1.0,document
117 megawatts,annually,1.0,document
117 megawatts,Jordan,1.0,document
117 megawatts,5-15%,1.0,document
117 megawatts,Al Tafila,1.0,document
117 megawatts,38,1.0,document
2050,"approximately 80,000",1.0,document
2050,Jordanian,1.0,document
2050,annually,1.0,document
2050,Jordan,1.0,document
2050,5-15%,1.0,document
2050,Al Tafila,1.0,document
2050,38,1.0,document
"approximately 80,000",Jordanian,1.0,document
"approximately 80,000",annually,1.0,document
"approximately 80,000",Jordan,1.0,document
"approximately 80,000",5-15%,1.0,document
"approximately 80,000",Al Tafila,1.0,document
"approximately 80,000",38,1.0,document
Jordanian,annually,1.0,document
Jordanian,Jordan,1.0,document
Jordanian,5-15%,1.0,document
Jordanian,Al Tafila,1.0,document
Jordanian,38,1.0,document
annually,5-15%,1.0,document
annually,Al Tafila,1.0,document
annually,38,1.0,document
Jordan,5-15%,1.0,document
Jordan,Al Tafila,1.0,document
Jordan,38,1.0,document
5-15%,Al Tafila,1.0,document
5-15%,38,1.0,document
Al Tafila,38,1.0,document
Mediterranean,2050,2.0,sentence
Mediterranean,5-15%,2.0,sentence
2050,5-15%,2.0,sentence
Jordan,Al Tafila,2.0,sentence
Jordan,117 megawatts,2.0,sentence
Jordan,38,2.0,sentence
Al Tafila,117 megawatts,2.0,sentence
Al Tafila,38,2.0,sentence
117 megawatts,38,2.0,sentence
"approximately 80,000",Jordanian,2.0,sentence
"approximately 80,000",annually,2.0,sentence
Jordanian,annually,2.0,sentence
annual,approximately $100 billion,1.0,document
annual,October 2023,1.0,document
annual,Africa,1.0,document
annual,$50 billion,1.0,document
annual,the African Group of Negotiators,1.0,document
annual,100,1.0,document
annual,only 3.8%,1.0,document
$1.3 trillion,approximately $100 billion,1.0,document
$1.3 trillion,October 2023,1.0,document
$1.3 trillion,Africa,1.0,document
$1.3 trillion,$50 billion,1.0,document
$1.3 trillion,the African Group of Negotiators,1.0,document
$1.3 trillion,100,1.0,document
$1.3 trillion,only 3.8%,1.0,document
approximately $100 billion,2030,1.0,document
approximately $100 billion,October 2023,1.0,document
approximately $100 billion,Africa,1.0,document
approximately $100 billion,$50 billion,1.0,document
approximately $100 billion,the African Group of Negotiators,1.0,document
approximately $100 billion,100,1.0,document
approximately $100 billion,only 3.8%,1.0,document
2030,October 2023,1.0,document
2030,Africa,2.0,document
2030,$50 billion,1.0,document
2030,the African Group of Negotiators,1.0,document
2030,100,1.0,document
2030,only 3.8%,1.0,document
October 2023,Africa,1.0,document
October 2023,$50 billion,1.0,document
October 2023,the African Group of Negotiators,1.0,document
October 2023,100,1.0,document
October 2023,only 3.8%,1.0,document
Africa,$50 billion,1.0,document
Africa,the African Group of Negotiators,1.0,document
Africa,100,1.0,document
Africa,only 3.8%,1.0,document
$50 billion,the African Group of Negotiators,1.0,document
$50 billion,100,1.0,document
$50 billion,only 3.8%,1.0,document
the African Group of Negotiators,100,1.0,document
the African Group of Negotiators,only 3.8%,1.0,document
100,only 3.8%,1.0,document
annual,approximately $100 billion,2.0,sentence
annual,October 2023,2.0,sentence
annual,the African Group of Negotiators,2.0,sentence
$1.3 trillion,approximately $100 billion,2.0,sentence
$1.3 trillion,October 2023,2.0,sentence
$1.3 trillion,the African Group of Negotiators,2.0,sentence
approximately $100 billion,2030,2.0,sentence
approximately $100 billion,October 2023,2.0,sentence
approximately $100 billion,the African Group of Negotiators,2.0,sentence
2030,October 2023,2.0,sentence
2030,the African Group of Negotiators,2.0,sentence
October 2023,the African Group of Negotiators,2.0,sentence
only 3.8%,2030,2.0,sentence
only 3.8%,Africa,2.0,sentence
only 3.8%,100,2.0,sentence
only 3.8%,$50 billion,2.0,sentence
2030,Africa,2.0,sentence
2030,100,2.0,sentence
2030,$50 billion,2.0,sentence
Africa,100,2.0,sentence
Africa,$50 billion,2.0,sentence
100,$50 billion,2.0,sentence
Azraq,UNHCR,1.0,document
Azraq,IKEA Foundation,1.0,document
Azraq,14 hours,1.0,document
Azraq,only 8 hours,1.0,document
Azraq,Syrian,1.0,document
Azraq,$5.5 million,1.0,document
Azraq,annually,1.0,document
Azraq,"approximately 43,000",1.0,document
Azraq,Jordan,1.0,document
Azraq,2017,1.0,document
Azraq,first,1.0,document
Azraq,12.9-megawatt,1.0,document
UNHCR,IKEA Foundation,1.0,document
UNHCR,14 hours,1.0,document
UNHCR,only 8 hours,1.0,document
UNHCR,Syrian,1.0,document
UNHCR,$5.5 million,1.0,document
UNHCR,annually,1.0,document
UNHCR,"approximately 43,000",1.0,document
UNHCR,2017,1.0,document
UNHCR,first,1.0,document
UNHCR,12.9-megawatt,1.0,document
IKEA Foundation,14 hours,1.0,document
IKEA Foundation,only 8 hours,1.0,document
IKEA Foundation,Syrian,1.0,document
IKEA Foundation,$5.5 million,1.0,document
IKEA Foundation,annually,1.0,document
IKEA Foundation,"approximately 43,000",1.0,document
IKEA Foundation,Jordan,1.0,document
IKEA Foundation,2017,1.0,document
IKEA Foundation,first,1.0,document
IKEA Foundation,12.9-megawatt,1.0,document
14 hours,only 8 hours,1.0,document
14 hours,Syrian,1.0,document
14 hours,$5.5 million,1.0,document
14 hours,annually,1.0,document
14 hours,"approximately 43,000",1.0,document
14 hours,Jordan,1.0,document
14 hours,2017,1.0,document
14 hours,first,1.0,document
14 hours,12.9-megawatt,1.0,document
only 8 hours,Syrian,1.0,document
only 8 hours,$5.5 million,1.0,document
only 8 hours,annually,1.0,document
only 8 hours,"approximately 43,000",1.0,document
only 8 hours,Jordan,1.0,document
only 8 hours,2017,1.0,document
only 8 hours,first,1.0,document
only 8 hours,12.9-megawatt,1.0,document
Syrian,$5.5 million,1.0,document
Syrian,annually,1.0,document
Syrian,"approximately 43,000",1.0,document
Syrian,Jordan,1.0,document
Syrian,2017,1.0,document
Syrian,first,1.0,document
Syrian,12.9-megawatt,1.0,document
$5.5 million,annually,1.0,document
$5.5 million,"approximately 43,000",1.0,document
$5.5 million,Jordan,1.0,document
$5.5 million,2017,1.0,document
$5.5 million,first,1.0,document
$5.5 million,12.9-megawatt,1.0,document
annually,"approximately 43,000",1.0,document
annually,2017,1.0,document
annually,first,1.0,document
annually,12.9-megawatt,1.0,document
"approximately 43,000",Jordan,1.0,document
"approximately 43,000",2017,1.0,document
"approximately 43,000",first,1.0,document
"approximately 43,000",12.9-megawatt,1.0,document
Jordan,2017,1.0,document
Jordan,first,4.0,document
Jordan,12.9-megawatt,1.0,document
2017,first,1.0,document
2017,12.9-megawatt,1.0,document
first,12.9-megawatt,1.0,document
Azraq,UNHCR,2.0,sentence
Azraq,IKEA Foundation,2.0,sentence
Azraq,Syrian,2.0,sentence
Azraq,"approximately 43,000",2.0,sentence
Azraq,Jordan,2.0,sentence
Azraq,2017,2.0,sentence
Azraq,first,2.0,sentence
Azraq,12.9-megawatt,2.0,sentence
UNHCR,IKEA Foundation,2.0,sentence
UNHCR,Syrian,2.0,sentence
UNHCR,"approximately 43,000",2.0,sentence
UNHCR,Jordan,2.0,sentence
UNHCR,2017,2.0,sentence
UNHCR,first,2.0,sentence
UNHCR,12.9-megawatt,2.0,sentence
IKEA Foundation,Syrian,2.0,sentence
IKEA Foundation,"approximately 43,000",2.0,sentence
IKEA Foundation,Jordan,2.0,sentence
IKEA Foundation,2017,2.0,sentence
IKEA Foundation,first,2.0,sentence
IKEA Foundation,12.9-megawatt,2.0,sentence
Syrian,"approximately 43,000",2.0,sentence
Syrian,Jordan,2.0,sentence
Syrian,2017,2.0,sentence
Syrian,first,2.0,sentence
Syrian,12.9-megawatt,2.0,sentence
"approximately 43,000",Jordan,2.0,sentence
"approximately 43,000",2017,2.0,sentence
"approximately 43,000",first,2.0,sentence
"approximately 43,000",12.9-megawatt,2.0,sentence
Jordan,2017,2.0,sentence
Jordan,first,8.0,sentence
Jordan,12.9-megawatt,2.0,sentence
2017,first,2.0,sentence
2017,12.9-megawatt,2.0,sentence
first,12.9-megawatt,2.0,sentence
$5.5 million,annually,2.0,sentence
$5.5 million,14 hours,2.0,sentence
$5.5 million,only 8 hours,2.0,sentence
annually,14 hours,2.0,sentence
annually,only 8 hours,2.0,sentence
14 hours,only 8 hours,2.0,sentence
خفض,43%,1.0,document
خفض,من أن العالم,1.0,document
خفض,المناخ,1.0,document
خفض,2023، محذرة,1.0,document
خفض,2030,2.0,document
خفض,1.5,1.0,document
خفض,وأكد التقرير أن,1.0,document
خفض,2019,1.0,document
43%,من أن العالم,1.0,document
43%,المناخ,1.0,document
43%,2023، محذرة,1.0,document
43%,2030,1.0,document
43%,1.5,1.0,document
43%,وأكد التقرير أن,1.0,document
43%,2019,1.0,document
من أن العالم,المناخ,1.0,document
من أن العالم,2023، محذرة,1.0,document
من أن العالم,2030,1.0,document
من أن العالم,1.5,1.0,document
من أن العالم,وأكد التقرير أن,1.0,document
من أن العالم,2019,1.0,document
المناخ,2023، محذرة,1.0,document
المناخ,2030,1.0,document
المناخ,1.5,1.0,document
المناخ,وأكد التقرير أن,1.0,document
المناخ,2019,1.0,document
2023، محذرة,2030,1.0,document
2023، محذرة,1.5,1.0,document
2023، محذرة,وأكد التقرير أن,1.0,document
2023، محذرة,2019,1.0,document
2030,1.5,1.0,document
2030,وأكد التقرير أن,1.0,document
1.5,وأكد التقرير أن,1.0,document
1.5,2019,1.0,document
وأكد التقرير أن,2019,1.0,document
من أن العالم,المناخ,2.0,sentence
من أن العالم,2023، محذرة,2.0,sentence
من أن العالم,2030,2.0,sentence
من أن العالم,1.5,2.0,sentence
المناخ,2023، محذرة,2.0,sentence
المناخ,2030,2.0,sentence
المناخ,1.5,2.0,sentence
2023، محذرة,2030,2.0,sentence
2023، محذرة,1.5,2.0,sentence
2030,1.5,2.0,sentence
خفض,43%,2.0,sentence
خفض,2030,2.0,sentence
خفض,وأكد التقرير أن,2.0,sentence
خفض,2019,2.0,sentence
43%,2030,2.0,sentence
43%,وأكد التقرير أن,2.0,sentence
43%,2019,2.0,sentence
2030,وأكد التقرير أن,2.0,sentence
وأكد التقرير أن,2019,2.0,sentence
لحماية الأمن المائي والغذائي للمملكة,2024,1.0,document
لحماية الأمن المائي والغذائي للمملكة,الأردني أن هذه الاستثمارات ضرورية,1.0,document
لحماية الأمن المائي والغذائي للمملكة,الإنذار,1.0,document
لحماية الأمن المائي والغذائي للمملكة,المناخ,1.0,document
لحماية الأمن المائي والغذائي للمملكة,،,1.0,document
لحماية الأمن المائي والغذائي للمملكة,المبكر للفيضانات,1.0,document
لحماية الأمن المائي والغذائي للمملكة,وأكد وزير البيئة,1.0,document
لحماية الأمن المائي والغذائي للمملكة,250,1.0,document
لحماية الأمن المائي والغذائي للمملكة,التكيف,1.0,document
لحماية الأمن المائي والغذائي للمملكة,لتمويل,1.0,document
لحماية الأمن المائي والغذائي للمملكة,تشمل المشاريع تحسين كفاءة,1.0,document
2024,الأردني أن هذه الاستثمارات ضرورية,1.0,document
2024,الإنذار,1.0,document
2024,المناخ,1.0,document
2024,،,1.0,document
2024,المبكر للفيضانات,1.0,document
2024,وأكد وزير البيئة,1.0,document
2024,250,1.0,document
2024,التكيف,1.0,document
2024,لتمويل,1.0,document
2024,تشمل المشاريع تحسين كفاءة,1.0,document
الأردني أن هذه الاستثمارات ضرورية,الإنذار,1.0,document
الأردني أن هذه الاستثمارات ضرورية,المناخ,1.0,document
الأردني أن هذه الاستثمارات ضرورية,،,1.0,document
الأردني أن هذه الاستثمارات ضرورية,المبكر للفيضانات,1.0,document
الأردني أن هذه الاستثمارات ضرورية,وأكد وزير البيئة,1.0,document
الأردني أن هذه الاستثمارات ضرورية,250,1.0,document
الأردني أن هذه الاستثمارات ضرورية,التكيف,1.0,document
الأردني أن هذه الاستثمارات ضرورية,لتمويل,1.0,document
الأردني أن هذه الاستثمارات ضرورية,تشمل المشاريع تحسين كفاءة,1.0,document
الإنذار,المناخ,1.0,document
الإنذار,،,1.0,document
الإنذار,المبكر للفيضانات,1.0,document
الإنذار,وأكد وزير البيئة,1.0,document
الإنذار,250,1.0,document
الإنذار,التكيف,1.0,document
الإنذار,لتمويل,1.0,document
الإنذار,تشمل المشاريع تحسين كفاءة,1.0,document
المناخ,،,1.0,document
المناخ,المبكر للفيضانات,1.0,document
المناخ,وأكد وزير البيئة,1.0,document
المناخ,250,1.0,document
المناخ,التكيف,1.0,document
المناخ,لتمويل,1.0,document
المناخ,تشمل المشاريع تحسين كفاءة,1.0,document
،,المبكر للفيضانات,1.0,document
،,وأكد وزير البيئة,1.0,document
،,250,1.0,document
،,التكيف,1.0,document
،,لتمويل,1.0,document
،,تشمل المشاريع تحسين كفاءة,1.0,document
المبكر للفيضانات,وأكد وزير البيئة,1.0,document
المبكر للفيضانات,250,1.0,document
المبكر للفيضانات,التكيف,1.0,document
المبكر للفيضانات,لتمويل,1.0,document
المبكر للفيضانات,تشمل المشاريع تحسين كفاءة,1.0,document
وأكد وزير البيئة,250,1.0,document
وأكد وزير البيئة,التكيف,1.0,document
وأكد وزير البيئة,لتمويل,1.0,document
وأكد وزير البيئة,تشمل المشاريع تحسين كفاءة,1.0,document
250,التكيف,1.0,document
250,لتمويل,1.0,document
250,تشمل المشاريع تحسين كفاءة,1.0,document
التكيف,لتمويل,1.0,document
التكيف,تشمل المشاريع تحسين كفاءة,1.0,document
لتمويل,تشمل المشاريع تحسين كفاءة,1.0,document
التكيف,2024,2.0,sentence
التكيف,لتمويل,2.0,sentence
2024,لتمويل,2.0,sentence
250,المناخ,2.0,sentence
المبكر للفيضانات,الإنذار,2.0,sentence
المبكر للفيضانات,تشمل المشاريع تحسين كفاءة,2.0,sentence
المبكر للفيضانات,،,2.0,sentence
الإنذار,تشمل المشاريع تحسين كفاءة,2.0,sentence
الإنذار,،,2.0,sentence
تشمل المشاريع تحسين كفاءة,،,2.0,sentence
وأكد وزير البيئة,لحماية الأمن المائي والغذائي للمملكة,2.0,sentence
وأكد وزير البيئة,الأردني أن هذه الاستثمارات ضرورية,2.0,sentence
لحماية الأمن المائي والغذائي للمملكة,الأردني أن هذه الاستثمارات ضرورية,2.0,sentence
735,على الإنتاج الزراعي,1.0,document
735,ودعت المنظمة,1.0,document
735,لتحويل النظم الغذائية,1.0,document
735,4,1.0,document
على الإنتاج الزراعي,ودعت المنظمة,1.0,document
على الإنتاج الزراعي,لتحويل النظم الغذائية,1.0,document
على الإنتاج الزراعي,4,1.0,document
ودعت المنظمة,لتحويل النظم الغذائية,1.0,document
ودعت المنظمة,4,1.0,document
لتحويل النظم الغذائية,4,1.0,document
ودعت المنظمة,لتحويل النظم الغذائية,2.0,sentence
ودعت المنظمة,4,2.0,sentence
لتحويل النظم الغذائية,4,2.0,sentence
30%,اعتمدت,1.0,document
30%,2022,1.0,document
30%,2030,2.0,document
30%,امتصاص الكربون وتوفير,1.0,document
اعتمدت,2022,1.0,document
اعتمدت,2030,1.0,document
اعتمدت,امتصاص الكربون وتوفير,1.0,document
2022,امتصاص الكربون وتوفير,1.0,document
2030,امتصاص الكربون وتوفير,1.0,document
اعتمدت,30%,2.0,sentence
اعتمدت,2022,2.0,sentence
اعتمدت,2030,2.0,sentence
30%,2022,2.0,sentence
30%,2030,4.0,sentence
والإسمنت,الأوروبيين والمستوردين من دول,1.0,document
والإسمنت,2023، والتي,1.0,document
والإسمنت,منع,1.0,document
والإسمنت,أطلق الاتحاد الأوروبي,1.0,document
والإسمنت,الآلية,1.0,document
الأوروبيين والمستوردين من دول,2023، والتي,1.0,document
الأوروبيين والمستوردين من دول,منع,1.0,document
الأوروبيين والمستوردين من دول,أطلق الاتحاد الأوروبي,1.0,document
الأوروبيين والمستوردين من دول,الآلية,1.0,document
2023، والتي,منع,1.0,document
2023، والتي,أطلق الاتحاد الأوروبي,1.0,document
2023، والتي,الآلية,1.0,document
منع,أطلق الاتحاد الأوروبي,1.0,document
منع,الآلية,1.0,document
أطلق الاتحاد الأوروبي,الآلية,1.0,document
أطلق الاتحاد الأوروبي,2023، والتي,2.0,sentence
أطلق الاتحاد الأوروبي,والإسمنت,2.0,sentence
2023، والتي,والإسمنت,2.0,sentence
منع,الآلية,2.0,sentence
منع,الأوروبيين والمستوردين من دول,2.0,sentence
الآلية,الأوروبيين والمستوردين من دول,2.0,sentence
المركزي الأردني,2023,1.0,document
المركزي الأردني,صندوقاً,1.0,document
المركزي الأردني,على قانون,1.0,document
المركزي الأردني,ينشئ,1.0,document
المركزي الأردني,50,1.0,document
المركزي الأردني,الشمسية,1.0,document
المركزي الأردني,المباني التجارية,1.0,document
2023,صندوقاً,1.0,document
2023,على قانون,1.0,document
2023,ينشئ,1.0,document
2023,50,1.0,document
2023,الشمسية,3.0,document
2023,المباني التجارية,1.0,document
صندوقاً,على قانون,1.0,document
صندوقاً,ينشئ,1.0,document
صندوقاً,50,1.0,document
صندوقاً,الشمسية,1.0,document
صندوقاً,المباني التجارية,1.0,document
على قانون,ينشئ,1.0,document
على قانون,50,1.0,document
على قانون,الشمسية,1.0,document
على قانون,المباني التجارية,1.0,document
ينشئ,50,1.0,document
ينشئ,الشمسية,1.0,document
ينشئ,المباني التجارية,1.0,document
50,الشمسية,1.0,document
50,المباني التجارية,1.0,document
الشمسية,المباني التجارية,1.0,document
2023,الشمسية,4.0,sentence
2023,المباني التجارية,2.0,sentence
الشمسية,المباني التجارية,2.0,sentence
صندوقاً,ينشئ,2.0,sentence
صندوقاً,50,2.0,sentence
صندوقاً,المركزي الأردني,2.0,sentence
ينشئ,50,2.0,sentence
ينشئ,المركزي الأردني,2.0,sentence
50,المركزي الأردني,2.0,sentence
1850-1900,وساهمت ظاهرة,1.0,document
1850-1900,، حيث,1.0,document
1850-1900,متوسط درجات,1.0,document
1850-1900,والشرق الأوسط,1.0,document
1850-1900,وشمال أفريقيا,1.0,document
1850-1900,التابع,1.0,document
1850-1900,1.48,1.0,document
1850-1900,اتجاهات الاحترار عبر جنوب,1.0,document
1850-1900,الأكثر حرارة,1.0,document
1850-1900,على الإطلاق,1.0,document
وساهمت ظاهرة,، حيث,1.0,document
وساهمت ظاهرة,2023,1.0,document
وساهمت ظاهرة,متوسط درجات,1.0,document
وساهمت ظاهرة,والشرق الأوسط,1.0,document
وساهمت ظاهرة,وشمال أفريقيا,1.0,document
وساهمت ظاهرة,التابع,1.0,document
وساهمت ظاهرة,1.48,1.0,document
وساهمت ظاهرة,اتجاهات الاحترار عبر جنوب,1.0,document
وساهمت ظاهرة,الأكثر حرارة,1.0,document
وساهمت ظاهرة,على الإطلاق,1.0,document
، حيث,2023,1.0,document
، حيث,متوسط درجات,1.0,document
، حيث,والشرق الأوسط,1.0,document
، حيث,وشمال أفريقيا,1.0,document
، حيث,التابع,1.0,document
، حيث,1.48,1.0,document
، حيث,اتجاهات الاحترار عبر جنوب,1.0,document
، حيث,الأكثر حرارة,1.0,document
، حيث,على الإطلاق,1.0,document
2023,متوسط درجات,1.0,document
2023,والشرق الأوسط,1.0,document
2023,وشمال أفريقيا,1.0,document
2023,التابع,1.0,document
2023,1.48,1.0,document
2023,اتجاهات الاحترار عبر جنوب,1.0,document
2023,الأكثر حرارة,1.0,document
2023,على الإطلاق,1.0,document
متوسط درجات,والشرق الأوسط,1.0,document
متوسط درجات,وشمال أفريقيا,1.0,document
متوسط درجات,التابع,1.0,document
متوسط درجات,1.48,1.0,document
متوسط درجات,اتجاهات الاحترار عبر جنوب,1.0,document
متوسط درجات,الأكثر حرارة,1.0,document
متوسط درجات,على الإطلاق,1.0,document
والشرق الأوسط,وشمال أفريقيا,1.0,document
والشرق الأوسط,التابع,1.0,document
والشرق الأوسط,1.48,1.0,document
والشرق الأوسط,اتجاهات الاحترار عبر جنوب,1.0,document
والشرق الأوسط,الأكثر حرارة,1.0,document
والشرق الأوسط,على الإطلاق,1.0,document
وشمال أفريقيا,التابع,1.0,document
وشمال أفريقيا,1.48,1.0,document
وشمال أفريقيا,اتجاهات الاحترار عبر جنوب,1.0,document
وشمال أفريقيا,الأكثر حرارة,1.0,document
وشمال أفريقيا,على الإطلاق,1.0,document
التابع,1.48,1.0,document
التابع,اتجاهات الاحترار عبر جنوب,1.0,document
التابع,الأكثر حرارة,1.0,document
التابع,على الإطلاق,1.0,document
1.48,اتجاهات الاحترار عبر جنوب,1.0,document
1.48,الأكثر حرارة,1.0,document
1.48,على الإطلاق,1.0,document
اتجاهات الاحترار عبر جنوب,الأكثر حرارة,1.0,document
اتجاهات الاحترار عبر جنوب,على الإطلاق,1.0,document
الأكثر حرارة,على الإطلاق,1.0,document
، حيث,2023,2.0,sentence
، حيث,متوسط درجات,2.0,sentence
، حيث,التابع,2.0,sentence
، حيث,1.48,2.0,sentence
، حيث,الأكثر حرارة,2.0,sentence
، حيث,على الإطلاق,2.0,sentence
2023,متوسط درجات,2.0,sentence
2023,التابع,2.0,sentence
2023,1.48,2.0,sentence
2023,الأكثر حرارة,2.0,sentence
2023,على الإطلاق,2.0,sentence
متوسط درجات,التابع,2.0,sentence
متوسط درجات,1.48,2.0,sentence
متوسط درجات,الأكثر حرارة,2.0,sentence
متوسط درجات,على الإطلاق,2.0,sentence
التابع,1.48,2.0,sentence
التابع,الأكثر حرارة,2.0,sentence
التابع,على الإطلاق,2.0,sentence
1.48,الأكثر حرارة,2.0,sentence
1.48,على الإطلاق,2.0,sentence
الأكثر حرارة,على الإطلاق,2.0,sentence
2023,وساهمت ظاهرة,2.0,sentence
والشرق الأوسط,وشمال أفريقيا,2.0,sentence
والشرق الأوسط,اتجاهات الاحترار عبر جنوب,2.0,sentence
وشمال أفريقيا,اتجاهات الاحترار عبر جنوب,2.0,sentence
كشفت دراسة,ارتفاع,1.0,document
كشفت دراسة,2006,1.0,document
كشفت دراسة,سطح البحر,1.0,document
كشفت دراسة,0.7,1.0,document
كشفت دراسة,270,1.0,document
كشفت دراسة,2010,1.0,document
كشفت دراسة,ويساهم,1.0,document
ارتفاع,2006,1.0,document
ارتفاع,سطح البحر,1.0,document
ارتفاع,0.7,1.0,document
ارتفاع,270,1.0,document
ارتفاع,2010,1.0,document
ارتفاع,ويساهم,1.0,document
2006,سطح البحر,1.0,document
2006,0.7,1.0,document
2006,270,1.0,document
2006,2010,1.0,document
2006,ويساهم,1.0,document
سطح البحر,0.7,1.0,document
سطح البحر,270,1.0,document
سطح البحر,2010,1.0,document
سطح البحر,ويساهم,1.0,document
0.7,270,1.0,document
0.7,2010,1.0,document
0.7,ويساهم,1.0,document
270,2010,1.0,document
270,ويساهم,1.0,document
2010,ويساهم,1.0,document
ارتفاع,2006,2.0,sentence
ارتفاع,سطح البحر,2.0,sentence
ارتفاع,0.7,2.0,sentence
ارتفاع,270,2.0,sentence
ارتفاع,ويساهم,2.0,sentence
2006,سطح البحر,2.0,sentence
2006,0.7,2.0,sentence
2006,270,2.0,sentence
2006,ويساهم,2.0,sentence
سطح البحر,0.7,2.0,sentence
سطح البحر,270,2.0,sentence
سطح البحر,ويساهم,2.0,sentence
0.7,270,2.0,sentence
0.7,ويساهم,2.0,sentence
270,ويساهم,2.0,sentence
2024,50%,1.0,document
2024,ثاني أكسيد الكربون,1.0,document
2024,الوطنية,1.0,document
2024,280,2.0,document
2024,424,1.0,document
2024,الغلاف,2.0,document
2024,بلغ,2.0,document
50%,ثاني أكسيد الكربون,1.0,document
50%,الوطنية,1.0,document
50%,280,1.0,document
50%,424,1.0,document
50%,الغلاف,1.0,document
50%,بلغ,1.0,document
ثاني أكسيد الكربون,الوطنية,1.0,document
ثاني أكسيد الكربون,280,1.0,document
ثاني أكسيد الكربون,424,1.0,document
ثاني أكسيد الكربون,الغلاف,1.0,document
ثاني أكسيد الكربون,بلغ,1.0,document
الوطنية,280,1.0,document
الوطنية,424,1.0,document
الوطنية,الغلاف,1.0,document
الوطنية,بلغ,1.0,document
280,424,1.0,document
280,الغلاف,1.0,document
280,بلغ,1.0,document
424,الغلاف,1.0,document
424,بلغ,1.0,document
الغلاف,بلغ,2.0,document
ثاني أكسيد الكربون,بلغ,2.0,sentence
الوطنية,2024,2.0,sentence
الوطنية,الغلاف,2.0,sentence
الوطنية,424,2.0,sentence
2024,الغلاف,2.0,sentence
2024,424,2.0,sentence
الغلاف,424,2.0,sentence
50%,280,2.0,sentence
14,على,1.0,document
14,2024,1.0,document
14,وتجاوزت درجات,1.0,document
14,الحيد,1.0,document
14,75%,1.0,document
14,جماعي رابع,1.0,document
14,المياه المتوسط الموسمي,1.0,document
14,ابيضاض مرجاني,1.0,document
14,المرجاني,1.0,document
على,2024,1.0,document
على,وتجاوزت درجات,1.0,document
على,الحيد,1.0,document
على,75%,2.0,document
على,جماعي رابع,1.0,document
على,المياه المتوسط الموسمي,1.0,document
على,ابيضاض مرجاني,1.0,document
على,المرجاني,1.0,document
2024,وتجاوزت درجات,1.0,document
2024,الحيد,1.0,document
2024,75%,1.0,document
2024,جماعي رابع,1.0,document
2024,المياه المتوسط الموسمي,1.0,document
2024,ابيضاض مرجاني,1.0,document
2024,المرجاني,1.0,document
وتجاوزت درجات,الحيد,1.0,document
وتجاوزت درجات,75%,1.0,document
وتجاوزت درجات,جماعي رابع,1.0,document
وتجاوزت درجات,المياه المتوسط الموسمي,1.0,document
وتجاوزت درجات,ابيضاض مرجاني,1.0,document
وتجاوزت درجات,المرجاني,1.0,document
الحيد,75%,1.0,document
الحيد,جماعي رابع,1.0,document
الحيد,المياه المتوسط الموسمي,1.0,document
الحيد,ابيضاض مرجاني,1.0,document
الحيد,المرجاني,1.0,document
75%,جماعي رابع,1.0,document
75%,المياه المتوسط الموسمي,1.0,document
75%,ابيضاض مرجاني,1.0,document
75%,المرجاني,1.0,document
جماعي رابع,المياه المتوسط الموسمي,1.0,document
جماعي رابع,ابيضاض مرجاني,1.0,document
جماعي رابع,المرجاني,1.0,document
المياه المتوسط الموسمي,ابيضاض مرجاني,1.0,document
المياه المتوسط الموسمي,المرجاني,1.0,document
ابيضاض مرجاني,المرجاني,1.0,document
2024,الحيد,2.0,sentence
2024,جماعي رابع,2.0,sentence
2024,ابيضاض مرجاني,2.0,sentence
2024,المرجاني,2.0,sentence
الحيد,جماعي رابع,2.0,sentence
الحيد,ابيضاض مرجاني,2.0,sentence
الحيد,المرجاني,2.0,sentence
جماعي رابع,ابيضاض مرجاني,2.0,sentence
جماعي رابع,المرجاني,2.0,sentence
ابيضاض مرجاني,المرجاني,2.0,sentence
14,وتجاوزت درجات,2.0,sentence
14,المياه المتوسط الموسمي,2.0,sentence
وتجاوزت درجات,المياه المتوسط الموسمي,2.0,sentence
على,75%,2.0,sentence
1993,منذ بدء القياسات,1.0,document
1993,ويعود 40%,1.0,document
1993,الجوية ارتفاعاً,1.0,document
1993,4.5 مليمتر,1.0,document
1993,التمدد الحراري,1.0,document
1993,،,1.0,document
1993,العالمية,1.0,document
منذ بدء القياسات,ويعود 40%,1.0,document
منذ بدء القياسات,الجوية ارتفاعاً,1.0,document
منذ بدء القياسات,4.5 مليمتر,1.0,document
منذ بدء القياسات,التمدد الحراري,1.0,document
منذ بدء القياسات,،,1.0,document
منذ بدء القياسات,العالمية,1.0,document
ويعود 40%,الجوية ارتفاعاً,1.0,document
ويعود 40%,4.5 مليمتر,1.0,document
ويعود 40%,التمدد الحراري,1.0,document
ويعود 40%,،,1.0,document
ويعود 40%,العالمية,1.0,document
الجوية ارتفاعاً,4.5 مليمتر,1.0,document
الجوية ارتفاعاً,التمدد الحراري,1.0,document
الجوية ارتفاعاً,،,1.0,document
الجوية ارتفاعاً,العالمية,1.0,document
4.5 مليمتر,التمدد الحراري,1.0,document
4.5 مليمتر,،,1.0,document
4.5 مليمتر,العالمية,1.0,document
التمدد الحراري,،,1.0,document
التمدد الحراري,العالمية,1.0,document
،,العالمية,1.0,document
1993,منذ بدء القياسات,2.0,sentence
1993,الجوية ارتفاعاً,2.0,sentence
1993,4.5 مليمتر,2.0,sentence
1993,العالمية,2.0,sentence
منذ بدء القياسات,الجوية ارتفاعاً,2.0,sentence
منذ بدء القياسات,4.5 مليمتر,2.0,sentence
منذ بدء القياسات,العالمية,2.0,sentence
الجوية ارتفاعاً,4.5 مليمتر,2.0,sentence
الجوية ارتفاعاً,العالمية,2.0,sentence
4.5 مليمتر,العالمية,2.0,sentence
،,ويعود 40%,2.0,sentence
،,التمدد الحراري,2.0,sentence
ويعود 40%,التمدد الحراري,2.0,sentence
2023,غبار الصحراء الكبرى,1.0,document
2023,القمر الاصطناعي كوبرنيكوس أن سبتمبر,1.0,document
2023,ظاهرة النينو وانخفاض,1.0,document
2023,متوسط ما قبل,1.0,document
2023,1.75,1.0,document
غبار الصحراء الكبرى,القمر الاصطناعي كوبرنيكوس أن سبتمبر,1.0,document
غبار الصحراء الكبرى,ظاهرة النينو وانخفاض,1.0,document
غبار الصحراء الكبرى,متوسط ما قبل,1.0,document
غبار الصحراء الكبرى,1.75,1.0,document
القمر الاصطناعي كوبرنيكوس أن سبتمبر,ظاهرة النينو وانخفاض,1.0,document
القمر الاصطناعي كوبرنيكوس أن سبتمبر,متوسط ما قبل,1.0,document
القمر الاصطناعي كوبرنيكوس أن سبتمبر,1.75,1.0,document
ظاهرة النينو وانخفاض,متوسط ما قبل,1.0,document
ظاهرة النينو وانخفاض,1.75,1.0,document
متوسط ما قبل,1.75,1.0,document
2023,متوسط ما قبل,2.0,sentence
2023,1.75,2.0,sentence
2023,القمر الاصطناعي كوبرنيكوس أن سبتمبر,2.0,sentence
متوسط ما قبل,1.75,2.0,sentence
متوسط ما قبل,القمر الاصطناعي كوبرنيكوس أن سبتمبر,2.0,sentence
1.75,القمر الاصطناعي كوبرنيكوس أن سبتمبر,2.0,sentence
غبار الصحراء الكبرى,ظاهرة النينو وانخفاض,2.0,sentence
1.0%,أكسيد الكربون من,1.0,document
1.0%,36.8,1.0,document
1.0%,قدّر,1.0,document
1.0%,وارتفعت,1.0,document
1.0%,15.5,1.0,document
أكسيد الكربون من,36.8,1.0,document
أكسيد الكربون من,قدّر,1.0,document
أكسيد الكربون من,2023,1.0,document
أكسيد الكربون من,وارتفعت,1.0,document
أكسيد الكربون من,1.5%,1.0,document
أكسيد الكربون من,15.5,1.0,document
36.8,قدّر,1.0,document
36.8,2023,1.0,document
36.8,وارتفعت,1.0,document
36.8,1.5%,1.0,document
36.8,15.5,1.0,document
قدّر,2023,1.0,document
قدّر,وارتفعت,1.0,document
قدّر,1.5%,1.0,document
قدّر,15.5,1.0,document
2023,وارتفعت,1.0,document
2023,15.5,1.0,document
وارتفعت,1.5%,1.0,document
وارتفعت,15.5,1.0,document
1.5%,15.5,1.0,document
36.8,قدّر,2.0,sentence
36.8,أكسيد الكربون من,2.0,sentence
36.8,2023,2.0,sentence
قدّر,أكسيد الكربون من,2.0,sentence
قدّر,2023,2.0,sentence
أكسيد الكربون من,2023,2.0,sentence
وارتفعت,1.5%,2.0,sentence
وارتفعت,1.0%,2.0,sentence
وارتفعت,15.5,2.0,sentence
1.5%,1.0%,2.0,sentence
1.5%,15.5,2.0,sentence
1.0%,15.5,2.0,sentence
2023، حيث,1970,1.0,document
2023، حيث,18,1.0,document
2023، حيث,درجات الحرارة,1.0,document
2023، حيث,وزادت,1.0,document
2023، حيث,40,1.0,document
2023، حيث,2.1,1.0,document
2023، حيث,شهدت عمّان,1.0,document
2023، حيث,35%,1.0,document
2023، حيث,على الإطلاق,1.0,document
2023، حيث,الصيف ارتفع,1.0,document
1970,18,1.0,document
1970,درجات الحرارة,1.0,document
1970,وزادت,1.0,document
1970,40,1.0,document
1970,2.1,1.0,document
1970,شهدت عمّان,1.0,document
1970,على الإطلاق,1.0,document
1970,الصيف ارتفع,1.0,document
18,درجات الحرارة,1.0,document
18,وزادت,1.0,document
18,40,1.0,document
18,2.1,1.0,document
18,شهدت عمّان,1.0,document
18,35%,1.0,document
18,على الإطلاق,1.0,document
18,الصيف ارتفع,1.0,document
درجات الحرارة,وزادت,1.0,document
درجات الحرارة,40,1.0,document
درجات الحرارة,2.1,1.0,document
درجات الحرارة,شهدت عمّان,1.0,document
درجات الحرارة,35%,1.0,document
درجات الحرارة,على الإطلاق,1.0,document
درجات الحرارة,الصيف ارتفع,1.0,document
وزادت,40,1.0,document
وزادت,2.1,1.0,document
وزادت,شهدت عمّان,1.0,document
وزادت,35%,1.0,document
وزادت,على الإطلاق,1.0,document
وزادت,الصيف ارتفع,1.0,document
40,2.1,1.0,document
40,شهدت عمّان,1.0,document
40,35%,1.0,document
40,على الإطلاق,1.0,document
40,الصيف ارتفع,1.0,document
2.1,شهدت عمّان,1.0,document
2.1,35%,1.0,document
2.1,على الإطلاق,1.0,document
2.1,الصيف ارتفع,1.0,document
شهدت عمّان,35%,1.0,document
شهدت عمّان,على الإطلاق,1.0,document
شهدت عمّان,الصيف ارتفع,1.0,document
35%,على الإطلاق,1.0,document
35%,الصيف ارتفع,1.0,document
على الإطلاق,الصيف ارتفع,1.0,document
2023، حيث,18,2.0,sentence
2023، حيث,درجات الحرارة,2.0,sentence
2023، حيث,40,2.0,sentence
2023، حيث,شهدت عمّان,2.0,sentence
2023، حيث,على الإطلاق,2.0,sentence
18,درجات الحرارة,2.0,sentence
18,40,2.0,sentence
18,شهدت عمّان,2.0,sentence
18,على الإطلاق,2.0,sentence
درجات الحرارة,40,2.0,sentence
درجات الحرارة,شهدت عمّان,2.0,sentence
درجات الحرارة,على الإطلاق,2.0,sentence
40,شهدت عمّان,2.0,sentence
40,على الإطلاق,2.0,sentence
شهدت عمّان,على الإطلاق,2.0,sentence
1970,2.1,2.0,sentence
1970,الصيف ارتفع,2.0,sentence
2.1,الصيف ارتفع,2.0,sentence
35%,وزادت,2.0,sentence
آخرين عندما,2023,1.0,document
آخرين عندما,"11,000",1.0,document
آخرين عندما,24,1.0,document
آخرين عندما,، وهو,1.0,document
آخرين عندما,270,1.0,document
آخرين عندما,"40,000",1.0,document
آخرين عندما,مليمتراً.,1.0,document
آخرين عندما,درنة بليبيا في سبتمبر,1.0,document
آخرين عندما,414,1.0,document
2023,"11,000",1.0,document
2023,24,1.0,document
2023,، وهو,1.0,document
2023,270,1.0,document
2023,"40,000",1.0,document
2023,مليمتراً.,1.0,document
2023,درنة بليبيا في سبتمبر,1.0,document
2023,414,1.0,document
"11,000",24,1.0,document
"11,000",، وهو,1.0,document
"11,000",270,1.0,document
"11,000","40,000",1.0,document
"11,000",مليمتراً.,1.0,document
"11,000",درنة بليبيا في سبتمبر,1.0,document
"11,000",414,1.0,document
24,، وهو,1.0,document
24,270,1.0,document
24,"40,000",1.0,document
24,مليمتراً.,1.0,document
24,درنة بليبيا في سبتمبر,1.0,document
24,414,1.0,document
، وهو,270,1.0,document
، وهو,"40,000",1.0,document
، وهو,مليمتراً.,1.0,document
، وهو,درنة بليبيا في سبتمبر,1.0,document
، وهو,414,1.0,document
270,مليمتراً.,1.0,document
270,درنة بليبيا في سبتمبر,1.0,document
270,414,1.0,document
"40,000",مليمتراً.,1.0,document
"40,000",درنة بليبيا في سبتمبر,1.0,document
"40,000",414,1.0,document
مليمتراً.,درنة بليبيا في سبتمبر,1.0,document
مليمتراً.,414,1.0,document
درنة بليبيا في سبتمبر,414,1.0,document
2023,درنة بليبيا في سبتمبر,2.0,sentence
آخرين عندما,"40,000",2.0,sentence
آخرين عندما,"11,000",2.0,sentence
"40,000","11,000",2.0,sentence
24,، وهو,2.0,sentence
24,270,2.0,sentence
24,مليمتراً.,2.0,sentence
24,414,2.0,sentence
، وهو,270,2.0,sentence
، وهو,مليمتراً.,2.0,sentence
، وهو,414,2.0,sentence
270,مليمتراً.,2.0,sentence
270,414,2.0,sentence
مليمتراً.,414,2.0,sentence
30%,2024,1.0,document
30%,الدول الإسكندنافية,1.0,document
30%,25%,1.0,document
30%,2000,1.0,document
30%,الكبرى,1.0,document
30%,الشمسية,1.0,document
30%,ازدادت العواصف الرملية,1.0,document
30%,وتحمل هذه العواصف,1.0,document
2024,الدول الإسكندنافية,1.0,document
2024,25%,1.0,document
2024,2000,1.0,document
2024,الكبرى,1.0,document
2024,الشمسية,1.0,document
2024,ازدادت العواصف الرملية,1.0,document
2024,وتحمل هذه العواصف,1.0,document
الدول الإسكندنافية,25%,1.0,document
الدول الإسكندنافية,2000,1.0,document
الدول الإسكندنافية,الكبرى,1.0,document
الدول الإسكندنافية,الشمسية,1.0,document
الدول الإسكندنافية,ازدادت العواصف الرملية,1.0,document
الدول الإسكندنافية,وتحمل هذه العواصف,1.0,document
25%,الكبرى,1.0,document
25%,الشمسية,1.0,document
25%,ازدادت العواصف الرملية,1.0,document
25%,وتحمل هذه العواصف,1.0,document
2000,الكبرى,1.0,document
2000,الشمسية,1.0,document
2000,ازدادت العواصف الرملية,1.0,document
2000,وتحمل هذه العواصف,1.0,document
الكبرى,الشمسية,1.0,document
الكبرى,ازدادت العواصف الرملية,1.0,document
الكبرى,وتحمل هذه العواصف,1.0,document
الشمسية,ازدادت العواصف الرملية,1.0,document
الشمسية,وتحمل هذه العواصف,1.0,document
ازدادت العواصف الرملية,وتحمل هذه العواصف,1.0,document
25%,الكبرى,2.0,sentence
25%,ازدادت العواصف الرملية,2.0,sentence
الكبرى,ازدادت العواصف الرملية,2.0,sentence
الكبرى,2000,2.0,sentence
ازدادت العواصف الرملية,2000,2.0,sentence
الشمسية,30%,2.0,sentence
الشمسية,وتحمل هذه العواصف,2.0,sentence
30%,وتحمل هذه العواصف,2.0,sentence
الدول الإسكندنافية,2024,2.0,sentence
2023، حيث,تركيز الجسيمات,1.0,document
2023، حيث,75,1.0,document
2023، حيث,12,1.0,document
2023، حيث,الصيفية,1.0,document
2023، حيث,25,1.0,document
تركيز الجسيمات,75,1.0,document
تركيز الجسيمات,12,1.0,document
تركيز الجسيمات,الصيفية,1.0,document
تركيز الجسيمات,25,1.0,document
75,12,1.0,document
75,الصيفية,1.0,document
75,25,1.0,document
12,الصيفية,1.0,document
12,25,1.0,document
الصيفية,25,1.0,document
2023، حيث,تركيز الجسيمات,2.0,sentence
2023، حيث,75,2.0,sentence
2023، حيث,12,2.0,sentence
2023، حيث,الصيفية,2.0,sentence
2023، حيث,25,2.0,sentence
تركيز الجسيمات,75,2.0,sentence
تركيز الجسيمات,12,2.0,sentence
تركيز الجسيمات,الصيفية,2.0,sentence
تركيز الجسيمات,25,2.0,sentence
75,12,2.0,sentence
75,الصيفية,2.0,sentence
75,25,2.0,sentence
12,الصيفية,2.0,sentence
12,25,2.0,sentence
الصيفية,25,2.0,sentence
"20,000",اليونان,1.0,document
"20,000",2023,1.0,document
"20,000",3.5,1.0,document
"20,000",حرائق الغابات,1.0,document
"20,000",حوض البحر,1.0,document
"20,000",48,1.0,document
"20,000",وأدت الحرائق,1.0,document
"20,000",والجزائر وتونس,1.0,document
"20,000",أكثر من,1.0,document
"20,000",وتجاوزت درجات الحرارة,1.0,document
اليونان,2023,1.0,document
اليونان,3.5,1.0,document
اليونان,"400,000",1.0,document
اليونان,حرائق الغابات,1.0,document
اليونان,حوض البحر,1.0,document
اليونان,48,1.0,document
اليونان,وأدت الحرائق,1.0,document
اليونان,والجزائر وتونس,1.0,document
اليونان,أكثر من,1.0,document
اليونان,وتجاوزت درجات الحرارة,1.0,document
2023,3.5,1.0,document
2023,"400,000",1.0,document
2023,حرائق الغابات,1.0,document
2023,حوض البحر,1.0,document
2023,48,1.0,document
2023,وأدت الحرائق,1.0,document
2023,والجزائر وتونس,1.0,document
2023,أكثر من,1.0,document
2023,وتجاوزت درجات الحرارة,1.0,document
3.5,"400,000",1.0,document
3.5,حرائق الغابات,1.0,document
3.5,حوض البحر,1.0,document
3.5,48,1.0,document
3.5,وأدت الحرائق,1.0,document
3.5,والجزائر وتونس,1.0,document
3.5,أكثر من,1.0,document
3.5,وتجاوزت درجات الحرارة,1.0,document
"400,000",حرائق الغابات,1.0,document
"400,000",حوض البحر,1.0,document
"400,000",48,1.0,document
"400,000",وأدت الحرائق,1.0,document
"400,000",والجزائر وتونس,1.0,document
"400,000",أكثر من,1.0,document
"400,000",وتجاوزت درجات الحرارة,1.0,document
حرائق الغابات,حوض البحر,1.0,document
حرائق الغابات,48,1.0,document
حرائق الغابات,وأدت الحرائق,1.0,document
حرائق الغابات,والجزائر وتونس,1.0,document
حرائق الغابات,أكثر من,1.0,document
حرائق الغابات,وتجاوزت درجات الحرارة,1.0,document
حوض البحر,48,1.0,document
حوض البحر,وأدت الحرائق,1.0,document
حوض البحر,والجزائر وتونس,1.0,document
حوض البحر,أكثر من,1.0,document
حوض البحر,وتجاوزت درجات الحرارة,1.0,document
48,وأدت الحرائق,1.0,document
48,والجزائر وتونس,1.0,document
48,أكثر من,1.0,document
48,وتجاوزت درجات الحرارة,1.0,document
وأدت الحرائق,والجزائر وتونس,1.0,document
وأدت الحرائق,أكثر من,1.0,document
وأدت الحرائق,وتجاوزت درجات الحرارة,1.0,document
والجزائر وتونس,أكثر من,1.0,document
والجزائر وتونس,وتجاوزت درجات الحرارة,1.0,document
أكثر من,وتجاوزت درجات الحرارة,1.0,document
2023,"400,000",2.0,sentence
2023,حرائق الغابات,2.0,sentence
2023,حوض البحر,2.0,sentence
"400,000",حرائق الغابات,2.0,sentence
"400,000",حوض البحر,2.0,sentence
حرائق الغابات,حوض البحر,2.0,sentence
والجزائر وتونس,اليونان,2.0,sentence
"20,000",3.5,2.0,sentence
"20,000",48,2.0,sentence
"20,000",وأدت الحرائق,2.0,sentence
"20,000",أكثر من,2.0,sentence
"20,000",وتجاوزت درجات الحرارة,2.0,sentence
3.5,48,2.0,sentence
3.5,وأدت الحرائق,2.0,sentence
3.5,أكثر من,2.0,sentence
3.5,وتجاوزت درجات الحرارة,2.0,sentence
48,وأدت الحرائق,2.0,sentence
48,أكثر من,2.0,sentence
48,وتجاوزت درجات الحرارة,2.0,sentence
وأدت الحرائق,أكثر من,2.0,sentence
وأدت الحرائق,وتجاوزت درجات الحرارة,2.0,sentence
أكثر من,وتجاوزت درجات الحرارة,2.0,sentence
افتتحت المملكة,مصادر متجددة,1.0,document
افتتحت المملكة,الهاشمية,1.0,document
افتتحت المملكة,50%,1.0,document
افتتحت المملكة,الأردنية,1.0,document
افتتحت المملكة,2030,1.0,document
افتتحت المملكة,200,1.0,document
افتتحت المملكة,"110,000",1.0,document
افتتحت المملكة,"2,400",1.0,document
افتتحت المملكة,الكهرباء,1.0,document
مصادر متجددة,الهاشمية,1.0,document
مصادر متجددة,50%,1.0,document
مصادر متجددة,الأردنية,1.0,document
مصادر متجددة,2030,1.0,document
مصادر متجددة,200,1.0,document
مصادر متجددة,"110,000",1.0,document
مصادر متجددة,"2,400",1.0,document
مصادر متجددة,الكهرباء,1.0,document
الهاشمية,50%,1.0,document
الهاشمية,الأردنية,1.0,document
الهاشمية,2030,1.0,document
الهاشمية,200,1.0,document
الهاشمية,"110,000",1.0,document
الهاشمية,"2,400",1.0,document
الهاشمية,الكهرباء,1.0,document
50%,الأردنية,1.0,document
50%,200,1.0,document
50%,"110,000",1.0,document
50%,"2,400",1.0,document
50%,الكهرباء,1.0,document
الأردنية,2030,1.0,document
الأردنية,200,1.0,document
الأردنية,"110,000",1.0,document
الأردنية,"2,400",1.0,document
الأردنية,الكهرباء,1.0,document
2030,200,1.0,document
2030,"110,000",1.0,document
2030,"2,400",1.0,document
2030,الكهرباء,1.0,document
200,"110,000",1.0,document
200,"2,400",1.0,document
200,الكهرباء,1.0,document
"110,000","2,400",1.0,document
"110,000",الكهرباء,1.0,document
"2,400",الكهرباء,1.0,document
افتتحت المملكة,الهاشمية,2.0,sentence
افتتحت المملكة,الأردنية,2.0,sentence
افتتحت المملكة,200,2.0,sentence
افتتحت المملكة,"2,400",2.0,sentence
الهاشمية,الأردنية,2.0,sentence
الهاشمية,200,2.0,sentence
الهاشمية,"2,400",2.0,sentence
الأردنية,200,2.0,sentence
الأردنية,"2,400",2.0,sentence
200,"2,400",2.0,sentence
50%,مصادر متجددة,2.0,sentence
مصادر متجددة,2030,2.0,sentence
الكهرباء,"110,000",2.0,sentence
40%,خفض,1.0,document
40%,الشمسية على الأسطح,1.0,document
40%,أطلقت مدينة عمّان خطة,1.0,document
40%,الذي,1.0,document
40%,وتشمل المبادرات الرئيسية,1.0,document
خفض,الشمسية على الأسطح,1.0,document
خفض,أطلقت مدينة عمّان خطة,1.0,document
خفض,"300,000",1.0,document
خفض,الذي,1.0,document
خفض,2021,1.0,document
خفض,وتشمل المبادرات الرئيسية,1.0,document
الشمسية على الأسطح,أطلقت مدينة عمّان خطة,1.0,document
الشمسية على الأسطح,"300,000",1.0,document
الشمسية على الأسطح,2030,1.0,document
الشمسية على الأسطح,الذي,1.0,document
الشمسية على الأسطح,2021,1.0,document
الشمسية على الأسطح,وتشمل المبادرات الرئيسية,1.0,document
أطلقت مدينة عمّان خطة,"300,000",1.0,document
أطلقت مدينة عمّان خطة,2030,1.0,document
أطلقت مدينة عمّان خطة,الذي,1.0,document
أطلقت مدينة عمّان خطة,2021,1.0,document
أطلقت مدينة عمّان خطة,وتشمل المبادرات الرئيسية,1.0,document
"300,000",الذي,1.0,document
"300,000",وتشمل المبادرات الرئيسية,1.0,document
2030,الذي,1.0,document
2030,وتشمل المبادرات الرئيسية,1.0,document
الذي,2021,1.0,document
الذي,وتشمل المبادرات الرئيسية,1.0,document
2021,وتشمل المبادرات الرئيسية,1.0,document
أطلقت مدينة عمّان خطة,خفض,2.0,sentence
أطلقت مدينة عمّان خطة,2021,2.0,sentence
خفض,2021,2.0,sentence
وتشمل المبادرات الرئيسية,الذي,2.0,sentence
وتشمل المبادرات الرئيسية,الشمسية على الأسطح,2.0,sentence
وتشمل المبادرات الرئيسية,"300,000",2.0,sentence
الذي,الشمسية على الأسطح,2.0,sentence
الذي,"300,000",2.0,sentence
الشمسية على الأسطح,"300,000",2.0,sentence
2050,الشمسية,1.0,document
2050,مصادر متجددة في,1.0,document
الشمسية,مصادر متجددة في,1.0,document
الشمسية,99.5%,1.0,document
مصادر متجددة في,99.5%,1.0,document
الشمسية,مصادر متجددة في,2.0,sentence
الشمسية,99.5%,2.0,sentence
مصادر متجددة في,99.5%,2.0,sentence
ويشمل البرنامج,2024،,1.0,document
ويشمل البرنامج,تركيب,1.0,document
ويشمل البرنامج,2030,1.0,document
ويشمل البرنامج,10,1.0,document
2024،,تركيب,1.0,document
2024،,2030,1.0,document
2024،,10,1.0,document
تركيب,2030,1.0,document
تركيب,10,1.0,document
10,2030,2.0,sentence
2024،,تركيب,2.0,sentence
السامية,12.9,1.0,document
السامية,المخيم البالغ,1.0,document
السامية,المتحدة,1.0,document
السامية,14,1.0,document
السامية,وتمد سكان,1.0,document
السامية,5.5,1.0,document
السامية,العالم,1.0,document
السامية,2017,1.0,document
السامية,"43,000",1.0,document
السامية,اللاجئين,1.0,document
السامية,مخيم الأزرق للاجئين,1.0,document
السامية,مخيم للاجئين,1.0,document
السامية,أنشأ,1.0,document
12.9,المخيم البالغ,1.0,document
12.9,المتحدة,1.0,document
12.9,14,1.0,document
12.9,وتمد سكان,1.0,document
12.9,5.5,1.0,document
12.9,العالم,1.0,document
12.9,2017,1.0,document
12.9,"43,000",1.0,document
12.9,اللاجئين,1.0,document
12.9,مخيم الأزرق للاجئين,1.0,document
12.9,مخيم للاجئين,1.0,document
12.9,أنشأ,1.0,document
المخيم البالغ,المتحدة,1.0,document
المخيم البالغ,14,1.0,document
المخيم البالغ,وتمد سكان,1.0,document
المخيم البالغ,5.5,1.0,document
المخيم البالغ,العالم,1.0,document
المخيم البالغ,2017,1.0,document
المخيم البالغ,"43,000",1.0,document
المخيم البالغ,اللاجئين,1.0,document
المخيم البالغ,مخيم الأزرق للاجئين,1.0,document
المخيم البالغ,مخيم للاجئين,1.0,document
المخيم البالغ,أنشأ,1.0,document
المتحدة,14,1.0,document
المتحدة,وتمد سكان,1.0,document
المتحدة,5.5,1.0,document
المتحدة,العالم,1.0,document
المتحدة,2017,1.0,document
المتحدة,"43,000",1.0,document
المتحدة,اللاجئين,1.0,document
المتحدة,مخيم الأزرق للاجئين,1.0,document
المتحدة,مخيم للاجئين,1.0,document
المتحدة,أنشأ,1.0,document
14,وتمد سكان,1.0,document
14,5.5,1.0,document
14,العالم,1.0,document
14,2017,1.0,document
14,"43,000",1.0,document
14,اللاجئين,1.0,document
14,مخيم الأزرق للاجئين,1.0,document
14,مخيم للاجئين,1.0,document
14,أنشأ,1.0,document
وتمد سكان,5.5,1.0,document
وتمد سكان,العالم,1.0,document
وتمد سكان,2017,1.0,document
وتمد سكان,"43,000",1.0,document
وتمد سكان,اللاجئين,1.0,document
وتمد سكان,مخيم الأزرق للاجئين,1.0,document
وتمد سكان,مخيم للاجئين,1.0,document
وتمد سكان,أنشأ,1.0,document
5.5,العالم,1.0,document
5.5,2017,1.0,document
5.5,"43,000",1.0,document
5.5,اللاجئين,1.0,document
5.5,مخيم الأزرق للاجئين,1.0,document
5.5,مخيم للاجئين,1.0,document
5.5,أنشأ,1.0,document
العالم,2017,1.0,document
العالم,"43,000",1.0,document
العالم,اللاجئين,1.0,document
العالم,مخيم الأزرق للاجئين,1.0,document
العالم,مخيم للاجئين,1.0,document
العالم,أنشأ,1.0,document
2017,"43,000",1.0,document
2017,اللاجئين,1.0,document
2017,مخيم الأزرق للاجئين,1.0,document
2017,مخيم للاجئين,1.0,document
2017,أنشأ,1.0,document
"43,000",اللاجئين,1.0,document
"43,000",مخيم الأزرق للاجئين,1.0,document
"43,000",مخيم للاجئين,1.0,document
"43,000",أنشأ,1.0,document
اللاجئين,مخيم الأزرق للاجئين,1.0,document
اللاجئين,مخيم للاجئين,1.0,document
اللاجئين,أنشأ,1.0,document
مخيم الأزرق للاجئين,مخيم للاجئين,1.0,document
مخيم الأزرق للاجئين,أنشأ,1.0,document
مخيم للاجئين,أنشأ,1.0,document
السامية,12.9,2.0,sentence
السامية,المتحدة,2.0,sentence
السامية,العالم,2.0,sentence
السامية,2017,2.0,sentence
السامية,اللاجئين,2.0,sentence
السامية,مخيم الأزرق للاجئين,2.0,sentence
السامية,مخيم للاجئين,2.0,sentence
السامية,أنشأ,2.0,sentence
12.9,المتحدة,2.0,sentence
12.9,العالم,2.0,sentence
12.9,2017,2.0,sentence
12.9,اللاجئين,2.0,sentence
12.9,مخيم الأزرق للاجئين,2.0,sentence
12.9,مخيم للاجئين,2.0,sentence
12.9,أنشأ,2.0,sentence
المتحدة,العالم,2.0,sentence
المتحدة,2017,2.0,sentence
المتحدة,اللاجئين,2.0,sentence
المتحدة,مخيم الأزرق للاجئين,2.0,sentence
المتحدة,مخيم للاجئين,2.0,sentence
المتحدة,أنشأ,2.0,sentence
العالم,2017,2.0,sentence
العالم,اللاجئين,2.0,sentence
العالم,مخيم الأزرق للاجئين,2.0,sentence
العالم,مخيم للاجئين,2.0,sentence
العالم,أنشأ,2.0,sentence
2017,اللاجئين,2.0,sentence
2017,مخيم الأزرق للاجئين,2.0,sentence
2017,مخيم للاجئين,2.0,sentence
2017,أنشأ,2.0,sentence
اللاجئين,مخيم الأزرق للاجئين,2.0,sentence
اللاجئين,مخيم للاجئين,2.0,sentence
اللاجئين,أنشأ,2.0,sentence
مخيم الأزرق للاجئين,مخيم للاجئين,2.0,sentence
مخيم الأزرق للاجئين,أنشأ,2.0,sentence
مخيم للاجئين,أنشأ,2.0,sentence
المخيم البالغ,14,2.0,sentence
المخيم البالغ,وتمد سكان,2.0,sentence
المخيم البالغ,5.5,2.0,sentence
المخيم البالغ,"43,000",2.0,sentence
14,وتمد سكان,2.0,sentence
14,5.5,2.0,sentence
14,"43,000",2.0,sentence
وتمد سكان,5.5,2.0,sentence
وتمد سكان,"43,000",2.0,sentence
5.5,"43,000",2.0,sentence
"5,000",15,1.0,document
"5,000",السور الأخضر,1.0,document
"5,000",كينيا أكثر,1.0,document
15,السور الأخضر,1.0,document
15,"12,000",1.0,document
15,كينيا أكثر,1.0,document
15,2020,1.0,document
السور الأخضر,"12,000",1.0,document
السور الأخضر,كينيا أكثر,1.0,document
السور الأخضر,2020,1.0,document
"12,000",كينيا أكثر,1.0,document
كينيا أكثر,2020,1.0,document
كينيا أكثر,2020,2.0,sentence
كينيا أكثر,15,2.0,sentence
2020,15,2.0,sentence
3,2023,1.0,document
3,2027,1.0,document
3,وتخصص المملكة العربية,1.0,document
3,خفض درجات,1.0,document
3,السطح,1.0,document
3,ملياري,1.0,document
3,المنورة,1.0,document
3,المدن,1.0,document
3,التبريد الحضري,1.0,document
2023,وتخصص المملكة العربية,1.0,document
2023,خفض درجات,1.0,document
2023,السطح,1.0,document
2023,ملياري,1.0,document
2023,المنورة,1.0,document
2023,المدن,1.0,document
2023,التبريد الحضري,1.0,document
2027,وتخصص المملكة العربية,1.0,document
2027,خفض درجات,1.0,document
2027,السطح,1.0,document
2027,ملياري,1.0,document
2027,المنورة,1.0,document
2027,المدن,1.0,document
2027,التبريد الحضري,1.0,document
وتخصص المملكة العربية,خفض درجات,1.0,document
وتخصص المملكة العربية,السطح,1.0,document
وتخصص المملكة العربية,ملياري,1.0,document
وتخصص المملكة العربية,المنورة,1.0,document
وتخصص المملكة العربية,المدن,1.0,document
وتخصص المملكة العربية,التبريد الحضري,1.0,document
خفض درجات,السطح,1.0,document
خفض درجات,ملياري,1.0,document
خفض درجات,المنورة,1.0,document
خفض درجات,المدن,1.0,document
خفض درجات,التبريد الحضري,1.0,document
السطح,ملياري,1.0,document
السطح,المنورة,1.0,document
السطح,المدن,1.0,document
السطح,التبريد الحضري,1.0,document
ملياري,المنورة,1.0,document
ملياري,المدن,1.0,document
ملياري,التبريد الحضري,1.0,document
المنورة,المدن,1.0,document
المنورة,التبريد الحضري,1.0,document
المدن,التبريد الحضري,1.0,document
2023,المنورة,2.0,sentence
2023,التبريد الحضري,2.0,sentence
المنورة,التبريد الحضري,2.0,sentence
خفض درجات,السطح,2.0,sentence
خفض درجات,2027,2.0,sentence
خفض درجات,3,2.0,sentence
السطح,2027,2.0,sentence
السطح,3,2.0,sentence
2027,3,2.0,sentence
ملياري,المدن,2.0,sentence
ملياري,وتخصص المملكة العربية,2.0,sentence
المدن,وتخصص المملكة العربية,2.0,sentence
2050,، فإن ظروف,1.0,document
2050,الآلي المدربة على 40 عاماً,1.0,document
2050,أول صيف خالٍ من,1.0,document
، فإن ظروف,الآلي المدربة على 40 عاماً,1.0,document
، فإن ظروف,أول صيف خالٍ من,1.0,document
الآلي المدربة على 40 عاماً,أول صيف خالٍ من,1.0,document
2050,، فإن ظروف,2.0,sentence
ومن المتوقع أن,القمر الاصطناعي ميثان سات الذي أُطلق,1.0,document
ومن المتوقع أن,2024,1.0,document
ومن المتوقع أن,"1,923",1.0,document
ومن المتوقع أن,2.5,1.0,document
ومن المتوقع أن,انبعاثات الميثان من منشآت,1.0,document
ومن المتوقع أن,الميثان,1.0,document
ومن المتوقع أن,البالغ 722,1.0,document
ومن المتوقع أن,والغاز الفردية حول العالم,1.0,document
ومن المتوقع أن,الغلاف,1.0,document
ومن المتوقع أن,بلغ,1.0,document
القمر الاصطناعي ميثان سات الذي أُطلق,2024,1.0,document
القمر الاصطناعي ميثان سات الذي أُطلق,"1,923",1.0,document
القمر الاصطناعي ميثان سات الذي أُطلق,2.5,1.0,document
القمر الاصطناعي ميثان سات الذي أُطلق,انبعاثات الميثان من منشآت,1.0,document
القمر الاصطناعي ميثان سات الذي أُطلق,الميثان,1.0,document
القمر الاصطناعي ميثان سات الذي أُطلق,البالغ 722,1.0,document
القمر الاصطناعي ميثان سات الذي أُطلق,والغاز الفردية حول العالم,1.0,document
القمر الاصطناعي ميثان سات الذي أُطلق,الغلاف,1.0,document
القمر الاصطناعي ميثان سات الذي أُطلق,بلغ,1.0,document
2024,"1,923",1.0,document
2024,2.5,1.0,document
2024,انبعاثات الميثان من منشآت,1.0,document
2024,الميثان,1.0,document
2024,البالغ 722,1.0,document
2024,والغاز الفردية حول العالم,1.0,document
"1,923",2.5,1.0,document
"1,923",انبعاثات الميثان من منشآت,1.0,document
"1,923",الميثان,1.0,document
"1,923",البالغ 722,1.0,document
"1,923",والغاز الفردية حول العالم,1.0,document
"1,923",الغلاف,1.0,document
"1,923",بلغ,1.0,document
2.5,انبعاثات الميثان من منشآت,1.0,document
2.5,الميثان,1.0,document
2.5,البالغ 722,1.0,document
2.5,والغاز الفردية حول العالم,1.0,document
2.5,الغلاف,1.0,document
2.5,بلغ,1.0,document
انبعاثات الميثان من منشآت,الميثان,1.0,document
انبعاثات الميثان من منشآت,البالغ 722,1.0,document
انبعاثات الميثان من منشآت,والغاز الفردية حول العالم,1.0,document
انبعاثات الميثان من منشآت,الغلاف,1.0,document
انبعاثات الميثان من منشآت,بلغ,1.0,document
الميثان,البالغ 722,1.0,document
الميثان,والغاز الفردية حول العالم,1.0,document
الميثان,الغلاف,1.0,document
الميثان,بلغ,1.0,document
البالغ 722,والغاز الفردية حول العالم,1.0,document
البالغ 722,الغلاف,1.0,document
البالغ 722,بلغ,1.0,document
والغاز الفردية حول العالم,الغلاف,1.0,document
والغاز الفردية حول العالم,بلغ,1.0,document
الميثان,"1,923",2.0,sentence
الميثان,الغلاف,2.0,sentence
"1,923",الغلاف,2.0,sentence
2.5,البالغ 722,2.0,sentence
ومن المتوقع أن,القمر الاصطناعي ميثان سات الذي أُطلق,2.0,sentence
ومن المتوقع أن,2024,2.0,sentence
ومن المتوقع أن,انبعاثات الميثان من منشآت,2.0,sentence
ومن المتوقع أن,والغاز الفردية حول العالم,2.0,sentence
القمر الاصطناعي ميثان سات الذي أُطلق,2024,2.0,sentence
القمر الاصطناعي ميثان سات الذي أُطلق,انبعاثات الميثان من منشآت,2.0,sentence
القمر الاصطناعي ميثان سات الذي أُطلق,والغاز الفردية حول العالم,2.0,sentence
2024,انبعاثات الميثان من منشآت,2.0,sentence
2024,والغاز الفردية حول العالم,2.0,sentence
انبعاثات الميثان من منشآت,والغاز الفردية حول العالم,2.0,sentence
الأضرار,الناجمة عن,1.0,document
الأضرار,2023,1.0,document
الأضرار,والعواصف الرملية التي,1.0,document
الأضرار,14.7,1.0,document
الأضرار,أفريقيا,1.0,document
الأضرار,وحذر خبراء,1.0,document
الأضرار,العراق وسوريا,1.0,document
الناجمة عن,2023,1.0,document
الناجمة عن,والعواصف الرملية التي,1.0,document
الناجمة عن,14.7,1.0,document
الناجمة عن,أفريقيا,1.0,document
الناجمة عن,وحذر خبراء,1.0,document
الناجمة عن,العراق وسوريا,1.0,document
2023,والعواصف الرملية التي,1.0,document
2023,14.7,1.0,document
2023,أفريقيا,1.0,document
2023,وحذر خبراء,1.0,document
2023,العراق وسوريا,1.0,document
والعواصف الرملية التي,14.7,1.0,document
والعواصف الرملية التي,أفريقيا,1.0,document
والعواصف الرملية التي,وحذر خبراء,1.0,document
والعواصف الرملية التي,العراق وسوريا,1.0,document
14.7,أفريقيا,1.0,document
14.7,وحذر خبراء,1.0,document
14.7,العراق وسوريا,1.0,document
أفريقيا,وحذر خبراء,1.0,document
أفريقيا,العراق وسوريا,1.0,document
وحذر خبراء,العراق وسوريا,1.0,document
14.7,أفريقيا,2.0,sentence
14.7,2023,2.0,sentence
أفريقيا,2023,2.0,sentence
الأضرار,العراق وسوريا,2.0,sentence
الأضرار,والعواصف الرملية التي,2.0,sentence
العراق وسوريا,والعواصف الرملية التي,2.0,sentence
45,الموافقة على,1.0,document
45,150,1.0,document
45,وقد التزم,1.0,document
45,1.2,1.0,document
45,2023,2.0,document
45,المناخ,2.0,document
45,12,1.0,document
45,وتشمل,2.0,document
الموافقة على,150,1.0,document
الموافقة على,وقد التزم,1.0,document
الموافقة على,1.2,1.0,document
الموافقة على,2023,1.0,document
الموافقة على,المناخ,1.0,document
الموافقة على,12,1.0,document
الموافقة على,وتشمل,1.0,document
150,وقد التزم,1.0,document
150,1.2,1.0,document
150,2023,1.0,document
150,المناخ,1.0,document
150,12,1.0,document
150,وتشمل,1.0,document
وقد التزم,1.2,1.0,document
وقد التزم,2023,1.0,document
وقد التزم,المناخ,1.0,document
وقد التزم,12,1.0,document
وقد التزم,وتشمل,1.0,document
1.2,2023,1.0,document
1.2,المناخ,1.0,document
1.2,12,1.0,document
1.2,وتشمل,1.0,document
2023,المناخ,3.0,document
2023,12,1.0,document
2023,وتشمل,2.0,document
المناخ,12,1.0,document
المناخ,وتشمل,2.0,document
12,وتشمل,1.0,document
1.2,الموافقة على,2.0,sentence
1.2,2023,2.0,sentence
1.2,المناخ,2.0,sentence
الموافقة على,2023,2.0,sentence
الموافقة على,المناخ,2.0,sentence
2023,المناخ,2.0,sentence
وتشمل,150,2.0,sentence
وتشمل,45,2.0,sentence
150,45,2.0,sentence
وقد التزم,12,2.0,sentence
2023,أفاد المركز الوطني,1.0,document
2023,15 مساحة,1.0,document
2023,ولاحظ,1.0,document
أفاد المركز الوطني,15 مساحة,1.0,document
أفاد المركز الوطني,ولاحظ,1.0,document
15 مساحة,ولاحظ,1.0,document
15 مساحة,ولاحظ,2.0,sentence
"2,600",الكربونية,1.0,document
"2,600",50%,1.0,document
"2,600",500,1.0,document
"2,600",2030,1.0,document
"2,600",ومحطة سدير للطاقة,1.0,document
"2,600",السعودية الخضراء,1.0,document
"2,600",المملكة لخفض انبعاثاتها,1.0,document
"2,600",الشمسية,1.0,document
"2,600",أعلنت,1.0,document
الكربونية,50%,1.0,document
الكربونية,500,1.0,document
الكربونية,2030,1.0,document
الكربونية,ومحطة سدير للطاقة,1.0,document
الكربونية,السعودية الخضراء,1.0,document
الكربونية,المملكة لخفض انبعاثاتها,1.0,document
الكربونية,الشمسية,1.0,document
الكربونية,أعلنت,1.0,document
50%,500,1.0,document
50%,ومحطة سدير للطاقة,1.0,document
50%,السعودية الخضراء,1.0,document
50%,المملكة لخفض انبعاثاتها,1.0,document
50%,الشمسية,1.0,document
50%,أعلنت,1.0,document
500,2030,1.0,document
500,ومحطة سدير للطاقة,1.0,document
500,السعودية الخضراء,1.0,document
500,المملكة لخفض انبعاثاتها,1.0,document
500,الشمسية,1.0,document
500,أعلنت,1.0,document
2030,ومحطة سدير للطاقة,1.0,document
2030,السعودية الخضراء,1.0,document
2030,المملكة لخفض انبعاثاتها,1.0,document
2030,الشمسية,1.0,document
2030,أعلنت,1.0,document
ومحطة سدير للطاقة,السعودية الخضراء,1.0,document
ومحطة سدير للطاقة,المملكة لخفض انبعاثاتها,1.0,document
ومحطة سدير للطاقة,الشمسية,1.0,document
ومحطة سدير للطاقة,أعلنت,1.0,document
السعودية الخضراء,المملكة لخفض انبعاثاتها,1.0,document
السعودية الخضراء,الشمسية,1.0,document
السعودية الخضراء,أعلنت,1.0,document
المملكة لخفض انبعاثاتها,الشمسية,1.0,document
المملكة لخفض انبعاثاتها,أعلنت,1.0,document
الشمسية,أعلنت,1.0,document
"2,600",50%,2.0,sentence
"2,600",500,2.0,sentence
"2,600",2030,2.0,sentence
"2,600",ومحطة سدير للطاقة,2.0,sentence
"2,600",الشمسية,2.0,sentence
"2,600",أعلنت,2.0,sentence
50%,500,2.0,sentence
50%,ومحطة سدير للطاقة,2.0,sentence
50%,الشمسية,2.0,sentence
50%,أعلنت,2.0,sentence
500,2030,2.0,sentence
500,ومحطة سدير للطاقة,2.0,sentence
500,الشمسية,2.0,sentence
500,أعلنت,2.0,sentence
2030,ومحطة سدير للطاقة,2.0,sentence
2030,الشمسية,2.0,sentence
2030,أعلنت,2.0,sentence
ومحطة سدير للطاقة,الشمسية,2.0,sentence
ومحطة سدير للطاقة,أعلنت,2.0,sentence
الشمسية,أعلنت,2.0,sentence
المملكة لخفض انبعاثاتها,السعودية الخضراء,2.0,sentence
المملكة لخفض انبعاثاتها,الكربونية,2.0,sentence
المملكة لخفض انبعاثاتها,2030,2.0,sentence
السعودية الخضراء,الكربونية,2.0,sentence
السعودية الخضراء,2030,2.0,sentence
الكربونية,2030,2.0,sentence
45%,2023,1.0,document
45%,0.3 degrees,1.0,document
45%,three,1.0,document
45%,Global Methane Assessment,1.0,document
45%,The United Nations Environment Programme,1.0,document
45%,mid-century,1.0,document
45%,UNEP,1.0,document
2023,0.3 degrees,1.0,document
2023,three,1.0,document
2023,Global Methane Assessment,1.0,document
2023,The United Nations Environment Programme,1.0,document
2023,mid-century,1.0,document
0.3 degrees,2030,1.0,document
0.3 degrees,three,1.0,document
0.3 degrees,Global Methane Assessment,1.0,document
0.3 degrees,The United Nations Environment Programme,1.0,document
0.3 degrees,mid-century,1.0,document
0.3 degrees,UNEP,1.0,document
2030,three,1.0,document
2030,Global Methane Assessment,1.0,document
2030,The United Nations Environment Programme,1.0,document
2030,mid-century,1.0,document
three,Global Methane Assessment,1.0,document
three,The United Nations Environment Programme,1.0,document
three,mid-century,1.0,document
three,UNEP,1.0,document
Global Methane Assessment,The United Nations Environment Programme,1.0,document
Global Methane Assessment,mid-century,1.0,document
Global Methane Assessment,UNEP,1.0,document
The United Nations Environment Programme,mid-century,1.0,document
The United Nations Environment Programme,UNEP,1.0,document
mid-century,UNEP,1.0,document
45%,2023,2.0,sentence
45%,Global Methane Assessment,2.0,sentence
45%,The United Nations Environment Programme,2.0,sentence
2023,Global Methane Assessment,2.0,sentence
2023,The United Nations Environment Programme,2.0,sentence
2030,Global Methane Assessment,2.0,sentence
2030,The United Nations Environment Programme,2.0,sentence
Global Methane Assessment,The United Nations Environment Programme,2.0,sentence
mid-century,UNEP,2.0,sentence
mid-century,0.3 degrees,2.0,sentence
UNEP,0.3 degrees,2.0,sentence
July 2023,70%,1.0,document
July 2023,2050,1.0,document
July 2023,50%,1.0,document
July 2023,2040,1.0,document
July 2023,The International Maritime Organization,1.0,document
July 2023,20%,1.0,document
July 2023,2030,1.0,document
July 2023,2008,1.0,document
July 2023,approximately 3%,1.0,document
70%,2050,1.0,document
70%,50%,1.0,document
70%,2040,1.0,document
70%,The International Maritime Organization,1.0,document
70%,20%,1.0,document
70%,2030,1.0,document
70%,2008,1.0,document
70%,approximately 3%,1.0,document
2050,50%,1.0,document
2050,2040,1.0,document
2050,The International Maritime Organization,1.0,document
2050,20%,3.0,document
2050,2008,1.0,document
2050,approximately 3%,1.0,document
50%,2040,1.0,document
50%,The International Maritime Organization,1.0,document
50%,20%,1.0,document
50%,2008,1.0,document
50%,approximately 3%,1.0,document
2040,The International Maritime Organization,1.0,document
2040,20%,1.0,document
2040,2030,1.0,document
2040,2008,1.0,document
2040,approximately 3%,1.0,document
The International Maritime Organization,20%,1.0,document
The International Maritime Organization,2030,1.0,document
The International Maritime Organization,2008,1.0,document
The International Maritime Organization,approximately 3%,1.0,document
20%,2030,1.0,document
20%,2008,1.0,document
20%,approximately 3%,1.0,document
2030,2008,1.0,document
2030,approximately 3%,1.0,document
2008,approximately 3%,1.0,document
2050,July 2023,2.0,sentence
2050,The International Maritime Organization,2.0,sentence
July 2023,The International Maritime Organization,2.0,sentence
70%,2040,2.0,sentence
70%,20%,2.0,sentence
70%,2030,2.0,sentence
70%,2008,2.0,sentence
2040,20%,2.0,sentence
2040,2030,2.0,sentence
2040,2008,2.0,sentence
20%,2030,2.0,sentence
20%,2008,2.0,sentence
2030,2008,2.0,sentence
every 5 seconds,2023,1.0,document
every 5 seconds,3.7 million,1.0,document
every 5 seconds,Brazil,1.0,document
every 5 seconds,the Democratic Republic of Congo,1.0,document
every 5 seconds,Bolivia,1.0,document
every 5 seconds,22.8 million,1.0,document
every 5 seconds,The World Resources Institute,1.0,document
2023,3.7 million,1.0,document
2023,Brazil,1.0,document
2023,the Democratic Republic of Congo,1.0,document
2023,Bolivia,1.0,document
2023,22.8 million,1.0,document
2023,The World Resources Institute,1.0,document
3.7 million,Brazil,1.0,document
3.7 million,the Democratic Republic of Congo,1.0,document
3.7 million,Bolivia,1.0,document
3.7 million,22.8 million,1.0,document
3.7 million,The World Resources Institute,1.0,document
Brazil,the Democratic Republic of Congo,1.0,document
Brazil,Bolivia,1.0,document
Brazil,22.8 million,1.0,document
Brazil,The World Resources Institute,1.0,document
the Democratic Republic of Congo,Bolivia,1.0,document
the Democratic Republic of Congo,22.8 million,1.0,document
the Democratic Republic of Congo,The World Resources Institute,1.0,document
Bolivia,22.8 million,1.0,document
Bolivia,The World Resources Institute,1.0,document
22.8 million,The World Resources Institute,1.0,document
2023,every 5 seconds,2.0,sentence
2023,22.8 million,2.0,sentence
2023,The World Resources Institute,2.0,sentence
every 5 seconds,22.8 million,2.0,sentence
every 5 seconds,The World Resources Institute,2.0,sentence
22.8 million,The World Resources Institute,2.0,sentence
Brazil,3.7 million,2.0,sentence
Brazil,Bolivia,2.0,sentence
Brazil,the Democratic Republic of Congo,2.0,sentence
3.7 million,Bolivia,2.0,sentence
3.7 million,the Democratic Republic of Congo,2.0,sentence
Bolivia,the Democratic Republic of Congo,2.0,sentence
40%,2023-2040,1.0,document
40%,25%,1.0,document
40%,Ministry of Water and Irrigation,1.0,document
40%,the World Bank,1.0,document
40%,400 million cubic meters,1.0,document
40%,USAID,1.0,document
40%,German,1.0,document
40%,$1.8 billion,1.0,document
40%,KfW,1.0,document
40%,the National Water Strategy,1.0,document
2023-2040,25%,1.0,document
2023-2040,Ministry of Water and Irrigation,1.0,document
2023-2040,the World Bank,1.0,document
2023-2040,annually,1.0,document
2023-2040,400 million cubic meters,1.0,document
2023-2040,USAID,1.0,document
2023-2040,German,1.0,document
2023-2040,Jordan,1.0,document
2023-2040,$1.8 billion,1.0,document
2023-2040,KfW,1.0,document
2023-2040,the National Water Strategy,1.0,document
25%,Ministry of Water and Irrigation,1.0,document
25%,the World Bank,1.0,document
25%,annually,1.0,document
25%,400 million cubic meters,1.0,document
25%,USAID,1.0,document
25%,German,1.0,document
25%,Jordan,1.0,document
25%,$1.8 billion,1.0,document
25%,KfW,1.0,document
25%,the National Water Strategy,1.0,document
Ministry of Water and Irrigation,the World Bank,1.0,document
Ministry of Water and Irrigation,annually,1.0,document
Ministry of Water and Irrigation,400 million cubic meters,1.0,document
Ministry of Water and Irrigation,USAID,1.0,document
Ministry of Water and Irrigation,German,1.0,document
Ministry of Water and Irrigation,Jordan,1.0,document
Ministry of Water and Irrigation,$1.8 billion,1.0,document
Ministry of Water and Irrigation,KfW,1.0,document
Ministry of Water and Irrigation,the National Water Strategy,1.0,document
the World Bank,annually,1.0,document
the World Bank,400 million cubic meters,1.0,document
the World Bank,USAID,1.0,document
the World Bank,German,1.0,document
the World Bank,Jordan,1.0,document
the World Bank,$1.8 billion,1.0,document
the World Bank,KfW,1.0,document
the World Bank,the National Water Strategy,1.0,document
annually,400 million cubic meters,1.0,document
annually,USAID,1.0,document
annually,German,1.0,document
annually,$1.8 billion,1.0,document
annually,KfW,1.0,document
annually,the National Water Strategy,1.0,document
400 million cubic meters,USAID,1.0,document
400 million cubic meters,German,1.0,document
400 million cubic meters,Jordan,1.0,document
400 million cubic meters,$1.8 billion,1.0,document
400 million cubic meters,KfW,1.0,document
400 million cubic meters,the National Water Strategy,1.0,document
USAID,German,1.0,document
USAID,Jordan,1.0,document
USAID,$1.8 billion,1.0,document
USAID,KfW,1.0,document
USAID,the National Water Strategy,1.0,document
German,Jordan,1.0,document
German,$1.8 billion,1.0,document
German,KfW,1.0,document
German,the National Water Strategy,1.0,document
Jordan,$1.8 billion,1.0,document
Jordan,KfW,1.0,document
Jordan,the National Water Strategy,1.0,document
$1.8 billion,KfW,1.0,document
$1.8 billion,the National Water Strategy,1.0,document
KfW,the National Water Strategy,1.0,document
40%,2023-2040,2.0,sentence
40%,25%,2.0,sentence
40%,Ministry of Water and Irrigation,2.0,sentence
40%,the National Water Strategy,2.0,sentence
2023-2040,25%,2.0,sentence
2023-2040,Ministry of Water and Irrigation,2.0,sentence
2023-2040,Jordan,2.0,sentence
2023-2040,the National Water Strategy,2.0,sentence
25%,Ministry of Water and Irrigation,2.0,sentence
25%,Jordan,2.0,sentence
25%,the National Water Strategy,2.0,sentence
Ministry of Water and Irrigation,Jordan,2.0,sentence
Ministry of Water and Irrigation,the National Water Strategy,2.0,sentence
Jordan,the National Water Strategy,2.0,sentence
annually,400 million cubic meters,2.0,sentence
the World Bank,USAID,2.0,sentence
the World Bank,German,2.0,sentence
the World Bank,$1.8 billion,2.0,sentence
the World Bank,KfW,2.0,sentence
USAID,German,2.0,sentence
USAID,$1.8 billion,2.0,sentence
USAID,KfW,2.0,sentence
German,$1.8 billion,2.0,sentence
German,KfW,2.0,sentence
$1.8 billion,KfW,2.0,sentence
"over 12,500",32%,1.0,document
"over 12,500",approximately 70%,1.0,document
"over 12,500",2030,1.0,document
"over 12,500",1 billion,1.0,document
32%,approximately 70%,1.0,document
32%,2030,1.0,document
32%,1 billion,1.0,document
approximately 70%,2030,1.0,document
approximately 70%,1 billion,1.0,document
2030,1 billion,1.0,document
1 billion,"over 12,500",2.0,sentence
1 billion,32%,2.0,sentence
1 billion,2030,2.0,sentence
"over 12,500",32%,2.0,sentence
"over 12,500",2030,2.0,sentence
32%,2030,2.0,sentence
the Eastern Mediterranean,2050,1.0,document
the Eastern Mediterranean,the Middle East,1.0,document
the Eastern Mediterranean,10-20%,1.0,document
the Eastern Mediterranean,Earth,1.0,document
the Eastern Mediterranean,20%,1.0,document
the Eastern Mediterranean,1960,1.0,document
the Eastern Mediterranean,1900,1.0,document
the Eastern Mediterranean,winter,1.0,document
the Eastern Mediterranean,3.5,1.0,document
2050,10-20%,1.0,document
2050,Earth,1.0,document
2050,1960,1.0,document
2050,1900,1.0,document
2050,winter,1.0,document
2050,3.5,1.0,document
the Middle East,10-20%,1.0,document
the Middle East,Earth,1.0,document
the Middle East,20%,1.0,document
the Middle East,1960,1.0,document
the Middle East,1900,1.0,document
the Middle East,winter,1.0,document
the Middle East,3.5,1.0,document
10-20%,Earth,1.0,document
10-20%,20%,1.0,document
10-20%,1960,1.0,document
10-20%,1900,1.0,document
10-20%,winter,1.0,document
10-20%,3.5,1.0,document
Earth,20%,1.0,document
Earth,1960,1.0,document
Earth,1900,1.0,document
Earth,winter,1.0,document
Earth,3.5,1.0,document
20%,1960,1.0,document
20%,1900,1.0,document
20%,winter,1.0,document
20%,3.5,1.0,document
1960,1900,1.0,document
1960,winter,1.0,document
1960,3.5,1.0,document
1900,winter,1.0,document
1900,3.5,1.0,document
winter,3.5,1.0,document
1960,10-20%,2.0,sentence
1960,the Middle East,2.0,sentence
1960,winter,2.0,sentence
10-20%,the Middle East,2.0,sentence
10-20%,winter,2.0,sentence
the Middle East,winter,2.0,sentence
1900,3.5,2.0,sentence
1900,the Eastern Mediterranean,2.0,sentence
1900,Earth,2.0,sentence
3.5,the Eastern Mediterranean,2.0,sentence
3.5,Earth,2.0,sentence
the Eastern Mediterranean,Earth,2.0,sentence
2050,20%,4.0,sentence
The Asian Development Bank,2019-2030,1.0,document
The Asian Development Bank,$100 billion,1.0,document
The Asian Development Bank,India,1.0,document
The Asian Development Bank,Southeast Asia,1.0,document
The Asian Development Bank,$180 million,1.0,document
The Asian Development Bank,$250 million,1.0,document
The Asian Development Bank,South,1.0,document
The Asian Development Bank,Pakistan,1.0,document
2019-2030,$100 billion,1.0,document
2019-2030,India,1.0,document
2019-2030,Southeast Asia,1.0,document
2019-2030,$180 million,1.0,document
2019-2030,$250 million,1.0,document
2019-2030,South,1.0,document
2019-2030,Pakistan,1.0,document
$100 billion,India,1.0,document
$100 billion,Southeast Asia,1.0,document
$100 billion,$180 million,1.0,document
$100 billion,$250 million,1.0,document
$100 billion,South,1.0,document
$100 billion,Pakistan,1.0,document
India,Southeast Asia,1.0,document
India,$180 million,1.0,document
India,$250 million,1.0,document
India,South,1.0,document
India,Pakistan,1.0,document
Southeast Asia,$180 million,1.0,document
Southeast Asia,$250 million,1.0,document
Southeast Asia,South,1.0,document
Southeast Asia,Pakistan,1.0,document
$180 million,$250 million,1.0,document
$180 million,South,1.0,document
$180 million,Pakistan,1.0,document
$250 million,South,1.0,document
$250 million,Pakistan,1.0,document
South,Pakistan,1.0,document
The Asian Development Bank,2019-2030,2.0,sentence
The Asian Development Bank,$100 billion,2.0,sentence
The Asian Development Bank,Southeast Asia,2.0,sentence
The Asian Development Bank,South,2.0,sentence
2019-2030,$100 billion,2.0,sentence
2019-2030,Southeast Asia,2.0,sentence
2019-2030,South,2.0,sentence
$100 billion,Southeast Asia,2.0,sentence
$100 billion,South,2.0,sentence
Southeast Asia,South,2.0,sentence
India,Pakistan,2.0,sentence
India,$180 million,2.0,sentence
India,$250 million,2.0,sentence
Pakistan,$180 million,2.0,sentence
Pakistan,$250 million,2.0,sentence
$180 million,$250 million,2.0,sentence
40%,the Tibetan Plateau,1.0,document
40%,2006,1.0,document
40%,2100,1.0,document
40%,Qinghai,1.0,document
40%,1.5 million square kilometers,1.0,document
40%,0.5 degrees Celsius,1.0,document
40%,1980,1.0,document
the Tibetan Plateau,2006,1.0,document
the Tibetan Plateau,2100,1.0,document
the Tibetan Plateau,Qinghai,1.0,document
the Tibetan Plateau,1.5 million square kilometers,1.0,document
the Tibetan Plateau,0.5 degrees Celsius,1.0,document
the Tibetan Plateau,1980,1.0,document
2006,2100,1.0,document
2006,Qinghai,1.0,document
2006,1.5 million square kilometers,1.0,document
2006,0.5 degrees Celsius,1.0,document
2006,1980,1.0,document
2100,Qinghai,1.0,document
2100,1.5 million square kilometers,1.0,document
2100,0.5 degrees Celsius,1.0,document
2100,1980,1.0,document
Qinghai,1.5 million square kilometers,1.0,document
Qinghai,0.5 degrees Celsius,1.0,document
Qinghai,1980,1.0,document
1.5 million square kilometers,0.5 degrees Celsius,1.0,document
1.5 million square kilometers,1980,1.0,document
0.5 degrees Celsius,1980,1.0,document
the Tibetan Plateau,1.5 million square kilometers,2.0,sentence
Qinghai,2006,2.0,sentence
40%,0.5 degrees Celsius,2.0,sentence
40%,1980,2.0,sentence
40%,2100,2.0,sentence
0.5 degrees Celsius,1980,2.0,sentence
0.5 degrees Celsius,2100,2.0,sentence
1980,2100,2.0,sentence
500 million,58%,1.0,document
500 million,2023,1.0,document
500 million,36 billion,1.0,document
500 million,1 trillion,1.0,document
500 million,Spain,1.0,document
500 million,2030,1.0,document
500 million,Poland,1.0,document
500 million,2 billion,1.0,document
500 million,4.5 billion,1.0,document
500 million,The European Investment Bank,1.0,document
500 million,the North Sea,1.0,document
58%,2023,1.0,document
58%,36 billion,1.0,document
58%,1 trillion,1.0,document
58%,Spain,1.0,document
58%,2030,1.0,document
58%,Poland,1.0,document
58%,2 billion,1.0,document
58%,4.5 billion,1.0,document
58%,The European Investment Bank,1.0,document
58%,the North Sea,1.0,document
2023,36 billion,1.0,document
2023,1 trillion,1.0,document
2023,Spain,1.0,document
2023,Poland,1.0,document
2023,2 billion,1.0,document
2023,4.5 billion,1.0,document
2023,The European Investment Bank,1.0,document
2023,the North Sea,1.0,document
36 billion,1 trillion,1.0,document
36 billion,Spain,1.0,document
36 billion,2030,1.0,document
36 billion,Poland,1.0,document
36 billion,2 billion,1.0,document
36 billion,4.5 billion,1.0,document
36 billion,The European Investment Bank,1.0,document
36 billion,the North Sea,1.0,document
1 trillion,Spain,1.0,document
1 trillion,2030,1.0,document
1 trillion,Poland,1.0,document
1 trillion,2 billion,1.0,document
1 trillion,4.5 billion,1.0,document
1 trillion,The European Investment Bank,1.0,document
1 trillion,the North Sea,1.0,document
Spain,2030,1.0,document
Spain,Poland,1.0,document
Spain,2 billion,1.0,document
Spain,4.5 billion,1.0,document
Spain,The European Investment Bank,1.0,document
Spain,the North Sea,1.0,document
2030,Poland,1.0,document
2030,2 billion,1.0,document
2030,4.5 billion,1.0,document
2030,The European Investment Bank,1.0,document
2030,the North Sea,1.0,document
Poland,2 billion,1.0,document
Poland,4.5 billion,1.0,document
Poland,The European Investment Bank,1.0,document
Poland,the North Sea,1.0,document
2 billion,4.5 billion,1.0,document
2 billion,The European Investment Bank,1.0,document
2 billion,the North Sea,1.0,document
4.5 billion,The European Investment Bank,1.0,document
4.5 billion,the North Sea,1.0,document
The European Investment Bank,the North Sea,1.0,document
2023,36 billion,2.0,sentence
2023,58%,2.0,sentence
2023,The European Investment Bank,2.0,sentence
36 billion,58%,2.0,sentence
36 billion,The European Investment Bank,2.0,sentence
58%,The European Investment Bank,2.0,sentence
500 million,Spain,2.0,sentence
500 million,Poland,2.0,sentence
500 million,2 billion,2.0,sentence
500 million,4.5 billion,2.0,sentence
500 million,the North Sea,2.0,sentence
Spain,Poland,2.0,sentence
Spain,2 billion,2.0,sentence
Spain,4.5 billion,2.0,sentence
Spain,the North Sea,2.0,sentence
Poland,2 billion,2.0,sentence
Poland,4.5 billion,2.0,sentence
Poland,the North Sea,2.0,sentence
2 billion,4.5 billion,2.0,sentence
2 billion,the North Sea,2.0,sentence
4.5 billion,the North Sea,2.0,sentence
1 trillion,2030,2.0,sentence
2024,2025,1.0,document
2024,3,1.0,document
2024,5,1.0,document
2024,the Asian Development Bank,1.0,document
2024,Indonesia,1.0,document
2024,FAO,1.0,document
2024,"130,000",1.0,document
2024,"600,000",1.0,document
2025,3,1.0,document
2025,5,1.0,document
2025,the Asian Development Bank,1.0,document
2025,Indonesia,1.0,document
2025,FAO,1.0,document
2025,"130,000",1.0,document
2025,"600,000",1.0,document
3,5,1.0,document
3,the Asian Development Bank,1.0,document
3,Indonesia,1.0,document
3,FAO,1.0,document
3,"130,000",1.0,document
3,"600,000",1.0,document
5,the Asian Development Bank,1.0,document
5,Indonesia,1.0,document
5,FAO,1.0,document
5,"130,000",1.0,document
5,"600,000",1.0,document
the Asian Development Bank,Indonesia,1.0,document
the Asian Development Bank,FAO,1.0,document
the Asian Development Bank,"130,000",1.0,document
the Asian Development Bank,"600,000",1.0,document
Indonesia,FAO,1.0,document
Indonesia,"130,000",1.0,document
Indonesia,"600,000",1.0,document
FAO,"130,000",1.0,document
FAO,"600,000",1.0,document
"130,000","600,000",1.0,document
2025,Indonesia,2.0,sentence
2025,"600,000",2.0,sentence
Indonesia,"600,000",2.0,sentence
5,3,2.0,sentence
FAO,the Asian Development Bank,2.0,sentence
FAO,2024,2.0,sentence
FAO,"130,000",2.0,sentence
the Asian Development Bank,2024,2.0,sentence
the Asian Development Bank,"130,000",2.0,sentence
2024,"130,000",2.0,sentence
Bill Gates,Ban Ki-moon,1.0,document
Bill Gates,The Global Commission on Adaptation,1.0,document
Bill Gates,$7.1 trillion,1.0,document
Bill Gates,between 2020 and 2030,1.0,document
Bill Gates,$1.8 trillion,1.0,document
Bill Gates,five,1.0,document
Ban Ki-moon,The Global Commission on Adaptation,1.0,document
Ban Ki-moon,$7.1 trillion,1.0,document
Ban Ki-moon,between 2020 and 2030,1.0,document
Ban Ki-moon,$1.8 trillion,1.0,document
Ban Ki-moon,five,1.0,document
The Global Commission on Adaptation,$7.1 trillion,1.0,document
The Global Commission on Adaptation,between 2020 and 2030,1.0,document
The Global Commission on Adaptation,$1.8 trillion,1.0,document
The Global Commission on Adaptation,five,1.0,document
$7.1 trillion,between 2020 and 2030,1.0,document
$7.1 trillion,$1.8 trillion,1.0,document
$7.1 trillion,five,1.0,document
between 2020 and 2030,$1.8 trillion,1.0,document
between 2020 and 2030,five,1.0,document
$1.8 trillion,five,1.0,document
The Global Commission on Adaptation,$7.1 trillion,2.0,sentence
The Global Commission on Adaptation,between 2020 and 2030,2.0,sentence
The Global Commission on Adaptation,$1.8 trillion,2.0,sentence
The Global Commission on Adaptation,five,2.0,sentence
$7.1 trillion,between 2020 and 2030,2.0,sentence
$7.1 trillion,$1.8 trillion,2.0,sentence
$7.1 trillion,five,2.0,sentence
between 2020 and 2030,$1.8 trillion,2.0,sentence
between 2020 and 2030,five,2.0,sentence
$1.8 trillion,five,2.0,sentence
Bill Gates,Ban Ki-moon,2.0,sentence
the Doomsday Glacier,the previous decade,1.0,document
the Doomsday Glacier,the Alfred Wegener Institute,1.0,document
the Doomsday Glacier,West Antarctic Ice Sheet,1.0,document
the Doomsday Glacier,Antarctic,1.0,document
the Doomsday Glacier,2 kilometers,1.0,document
the Doomsday Glacier,Nature Climate Change,1.0,document
the Doomsday Glacier,65 centimeters,1.0,document
the Doomsday Glacier,between 2012 and 2022,1.0,document
the previous decade,the Alfred Wegener Institute,1.0,document
the previous decade,West Antarctic Ice Sheet,1.0,document
the previous decade,Antarctic,1.0,document
the previous decade,2 kilometers,1.0,document
the previous decade,Nature Climate Change,1.0,document
the previous decade,65 centimeters,1.0,document
the previous decade,between 2012 and 2022,1.0,document
the Alfred Wegener Institute,West Antarctic Ice Sheet,1.0,document
the Alfred Wegener Institute,Antarctic,1.0,document
the Alfred Wegener Institute,2 kilometers,1.0,document
the Alfred Wegener Institute,Nature Climate Change,1.0,document
the Alfred Wegener Institute,65 centimeters,1.0,document
the Alfred Wegener Institute,between 2012 and 2022,1.0,document
West Antarctic Ice Sheet,Antarctic,1.0,document
West Antarctic Ice Sheet,2 kilometers,1.0,document
West Antarctic Ice Sheet,Nature Climate Change,1.0,document
West Antarctic Ice Sheet,65 centimeters,1.0,document
West Antarctic Ice Sheet,between 2012 and 2022,1.0,document
Antarctic,2 kilometers,1.0,document
Antarctic,Nature Climate Change,1.0,document
Antarctic,65 centimeters,1.0,document
Antarctic,between 2012 and 2022,1.0,document
2 kilometers,Nature Climate Change,1.0,document
2 kilometers,65 centimeters,1.0,document
2 kilometers,between 2012 and 2022,1.0,document
Nature Climate Change,65 centimeters,1.0,document
Nature Climate Change,between 2012 and 2022,1.0,document
65 centimeters,between 2012 and 2022,1.0,document
the previous decade,the Alfred Wegener Institute,2.0,sentence
the previous decade,Antarctic,2.0,sentence
the previous decade,Nature Climate Change,2.0,sentence
the previous decade,between 2012 and 2022,2.0,sentence
the Alfred Wegener Institute,Antarctic,2.0,sentence
the Alfred Wegener Institute,Nature Climate Change,2.0,sentence
the Alfred Wegener Institute,between 2012 and 2022,2.0,sentence
Antarctic,Nature Climate Change,2.0,sentence
Antarctic,between 2012 and 2022,2.0,sentence
Nature Climate Change,between 2012 and 2022,2.0,sentence
65 centimeters,2 kilometers,2.0,sentence
65 centimeters,the Doomsday Glacier,2.0,sentence
2 kilometers,the Doomsday Glacier,2.0,sentence
45%,95%,1.0,document
45%,863 megawatts,1.0,document
45%,the Great Rift Valley,1.0,document
45%,Olkaria,1.0,document
45%,the African Union,1.0,document
45%,Africa,1.0,document
45%,Kenya,1.0,document
45%,"5,000 megawatts",1.0,document
45%,the Japan International Cooperation Agency,1.0,document
95%,863 megawatts,1.0,document
95%,2030,1.0,document
95%,the Great Rift Valley,1.0,document
95%,Olkaria,1.0,document
95%,the African Union,1.0,document
95%,Africa,1.0,document
95%,Kenya,1.0,document
95%,"5,000 megawatts",1.0,document
95%,the Japan International Cooperation Agency,1.0,document
863 megawatts,2030,1.0,document
863 megawatts,the Great Rift Valley,1.0,document
863 megawatts,Olkaria,1.0,document
863 megawatts,the African Union,1.0,document
863 megawatts,Africa,1.0,document
863 megawatts,Kenya,1.0,document
863 megawatts,"5,000 megawatts",1.0,document
863 megawatts,the Japan International Cooperation Agency,1.0,document
2030,the Great Rift Valley,1.0,document
2030,Olkaria,1.0,document
2030,the African Union,1.0,document
2030,Kenya,1.0,document
2030,"5,000 megawatts",1.0,document
2030,the Japan International Cooperation Agency,1.0,document
the Great Rift Valley,Olkaria,1.0,document
the Great Rift Valley,the African Union,1.0,document
the Great Rift Valley,Africa,1.0,document
the Great Rift Valley,Kenya,1.0,document
the Great Rift Valley,"5,000 megawatts",1.0,document
the Great Rift Valley,the Japan International Cooperation Agency,1.0,document
Olkaria,the African Union,1.0,document
Olkaria,Africa,1.0,document
Olkaria,Kenya,1.0,document
Olkaria,"5,000 megawatts",1.0,document
Olkaria,the Japan International Cooperation Agency,1.0,document
the African Union,Africa,1.0,document
the African Union,Kenya,1.0,document
the African Union,"5,000 megawatts",1.0,document
the African Union,the Japan International Cooperation Agency,1.0,document
Africa,Kenya,1.0,document
Africa,"5,000 megawatts",1.0,document
Africa,the Japan International Cooperation Agency,1.0,document
Kenya,"5,000 megawatts",1.0,document
Kenya,the Japan International Cooperation Agency,1.0,document
"5,000 megawatts",the Japan International Cooperation Agency,1.0,document
45%,863 megawatts,2.0,sentence
45%,the Great Rift Valley,2.0,sentence
45%,Olkaria,2.0,sentence
45%,Africa,2.0,sentence
45%,Kenya,2.0,sentence
863 megawatts,the Great Rift Valley,2.0,sentence
863 megawatts,Olkaria,2.0,sentence
863 megawatts,Africa,2.0,sentence
863 megawatts,Kenya,2.0,sentence
the Great Rift Valley,Olkaria,2.0,sentence
the Great Rift Valley,Africa,2.0,sentence
the Great Rift Valley,Kenya,2.0,sentence
Olkaria,Africa,2.0,sentence
Olkaria,Kenya,2.0,sentence
Africa,Kenya,2.0,sentence
Kenya,"5,000 megawatts",2.0,sentence
Kenya,2030,2.0,sentence
"5,000 megawatts",2030,2.0,sentence
the Japan International Cooperation Agency,the African Union,2.0,sentence
2-3%,Working Group III,1.0,document
2-3%,2030,1.0,document
2-3%,21%,1.0,document
2-3%,75-90%,1.0,document
2-3%,zero,1.0,document
2-3%,IPCC,1.0,document
Working Group III,2030,1.0,document
Working Group III,21%,1.0,document
Working Group III,75-90%,1.0,document
Working Group III,zero,1.0,document
Working Group III,IPCC,1.0,document
2030,21%,1.0,document
2030,75-90%,1.0,document
2030,zero,1.0,document
21%,75-90%,1.0,document
21%,zero,1.0,document
21%,IPCC,1.0,document
75-90%,zero,1.0,document
75-90%,IPCC,1.0,document
zero,IPCC,1.0,document
Working Group III,21%,2.0,sentence
Working Group III,IPCC,2.0,sentence
21%,IPCC,2.0,sentence
2-3%,zero,2.0,sentence
2-3%,2030,2.0,sentence
zero,2030,2.0,sentence
Asia,2025,1.0,document
Asia,the United Nations,1.0,document
Asia,Over 200 million,1.0,document
Asia,Hindu,1.0,document
Asia,the International Year of Glaciers,1.0,document
Asia,Kush Himalayan,1.0,document
Asia,December 2023,1.0,document
Asia,ten,1.0,document
2025,the United Nations,1.0,document
2025,Over 200 million,1.0,document
2025,Hindu,1.0,document
2025,the International Year of Glaciers,1.0,document
2025,Kush Himalayan,1.0,document
2025,December 2023,1.0,document
2025,ten,1.0,document
the United Nations,Over 200 million,1.0,document
the United Nations,Hindu,1.0,document
the United Nations,the International Year of Glaciers,1.0,document
the United Nations,Kush Himalayan,1.0,document
the United Nations,December 2023,1.0,document
the United Nations,ten,1.0,document
Over 200 million,Hindu,1.0,document
Over 200 million,the International Year of Glaciers,1.0,document
Over 200 million,Kush Himalayan,1.0,document
Over 200 million,December 2023,1.0,document
Over 200 million,ten,1.0,document
Hindu,the International Year of Glaciers,1.0,document
Hindu,Kush Himalayan,1.0,document
Hindu,December 2023,1.0,document
Hindu,ten,1.0,document
the International Year of Glaciers,Kush Himalayan,1.0,document
the International Year of Glaciers,December 2023,1.0,document
the International Year of Glaciers,ten,1.0,document
Kush Himalayan,December 2023,1.0,document
Kush Himalayan,ten,1.0,document
December 2023,ten,1.0,document
the United Nations,the International Year of Glaciers,2.0,sentence
the United Nations,2025,2.0,sentence
the United Nations,December 2023,2.0,sentence
the International Year of Glaciers,2025,2.0,sentence
the International Year of Glaciers,December 2023,2.0,sentence
2025,December 2023,2.0,sentence
ten,Asia,2.0,sentence
ten,Kush Himalayan,2.0,sentence
ten,Hindu,2.0,sentence
Asia,Kush Himalayan,2.0,sentence
Asia,Hindu,2.0,sentence
Kush Himalayan,Hindu,2.0,sentence
2050,الأربعة الأخيرة,1.0,document
2050,15-20%,1.0,document
2050,المناخ,1.0,document
2050,جفافاً,1.0,document
2050,وانخفض معدل الهطول الشتوي,1.0,document
الأربعة الأخيرة,15-20%,1.0,document
الأربعة الأخيرة,المناخ,1.0,document
الأربعة الأخيرة,20%,1.0,document
الأربعة الأخيرة,جفافاً,1.0,document
الأربعة الأخيرة,وانخفض معدل الهطول الشتوي,1.0,document
15-20%,المناخ,1.0,document
15-20%,20%,1.0,document
15-20%,جفافاً,1.0,document
15-20%,وانخفض معدل الهطول الشتوي,1.0,document
المناخ,20%,1.0,document
المناخ,جفافاً,1.0,document
المناخ,وانخفض معدل الهطول الشتوي,1.0,document
20%,جفافاً,1.0,document
20%,وانخفض معدل الهطول الشتوي,1.0,document
جفافاً,وانخفض معدل الهطول الشتوي,1.0,document
وانخفض معدل الهطول الشتوي,15-20%,2.0,sentence
2050,جفافاً,2.0,sentence
جفافاً,20%,2.0,sentence
من المياه,85,1.0,document
من المياه,40,1.0,document
من المياه,أطلقت الحكومة الأردنية,1.0,document
من المياه,الري بالغمر,1.0,document
من المياه,"50,000",1.0,document
من المياه,2028,1.0,document
من المياه,مكعب,1.0,document
85,40,1.0,document
85,أطلقت الحكومة الأردنية,1.0,document
85,الري بالغمر,1.0,document
85,"50,000",1.0,document
85,2028,1.0,document
85,مكعب,1.0,document
40,أطلقت الحكومة الأردنية,1.0,document
40,الري بالغمر,1.0,document
40,"50,000",1.0,document
40,2028,1.0,document
40,مكعب,1.0,document
أطلقت الحكومة الأردنية,الري بالغمر,1.0,document
أطلقت الحكومة الأردنية,"50,000",1.0,document
أطلقت الحكومة الأردنية,2028,1.0,document
أطلقت الحكومة الأردنية,مكعب,1.0,document
الري بالغمر,"50,000",1.0,document
الري بالغمر,2028,1.0,document
الري بالغمر,مكعب,1.0,document
"50,000",2028,1.0,document
"50,000",مكعب,1.0,document
2028,مكعب,1.0,document
الري بالغمر,"50,000",2.0,sentence
الري بالغمر,2028,2.0,sentence
"50,000",2028,2.0,sentence
40,من المياه,2.0,sentence
40,مكعب,2.0,sentence
من المياه,مكعب,2.0,sentence
3 kilometers,10%,1.0,document
3 kilometers,The Aletsch Glacier,1.0,document
3 kilometers,80%,1.0,document
3 kilometers,2100,1.0,document
3 kilometers,2023,1.0,document
3 kilometers,the past two years,1.0,document
3 kilometers,The World Glacier Monitoring Service,1.0,document
3 kilometers,1900,1.0,document
3 kilometers,Alps,1.0,document
3 kilometers,over 1 meter,1.0,document
3 kilometers,Swiss,1.0,document
10%,The Aletsch Glacier,1.0,document
10%,80%,1.0,document
10%,2100,1.0,document
10%,2023,1.0,document
10%,the past two years,1.0,document
10%,The World Glacier Monitoring Service,1.0,document
10%,1900,1.0,document
10%,Alps,1.0,document
10%,over 1 meter,1.0,document
10%,Swiss,1.0,document
The Aletsch Glacier,80%,1.0,document
The Aletsch Glacier,2100,1.0,document
The Aletsch Glacier,2023,1.0,document
The Aletsch Glacier,the past two years,1.0,document
The Aletsch Glacier,The World Glacier Monitoring Service,1.0,document
The Aletsch Glacier,1900,1.0,document
The Aletsch Glacier,Alps,1.0,document
The Aletsch Glacier,over 1 meter,1.0,document
The Aletsch Glacier,Swiss,1.0,document
80%,2023,2.0,document
80%,the past two years,1.0,document
80%,The World Glacier Monitoring Service,1.0,document
80%,1900,1.0,document
80%,Alps,1.0,document
80%,over 1 meter,1.0,document
80%,Swiss,1.0,document
2100,the past two years,1.0,document
2100,The World Glacier Monitoring Service,1.0,document
2100,1900,1.0,document
2100,Alps,1.0,document
2100,over 1 meter,1.0,document
2100,Swiss,1.0,document
2023,the past two years,1.0,document
2023,The World Glacier Monitoring Service,1.0,document
2023,1900,1.0,document
2023,Alps,1.0,document
2023,over 1 meter,1.0,document
2023,Swiss,1.0,document
the past two years,The World Glacier Monitoring Service,1.0,document
the past two years,1900,1.0,document
the past two years,Alps,1.0,document
the past two years,over 1 meter,1.0,document
the past two years,Swiss,1.0,document
The World Glacier Monitoring Service,1900,1.0,document
The World Glacier Monitoring Service,Alps,1.0,document
The World Glacier Monitoring Service,over 1 meter,1.0,document
The World Glacier Monitoring Service,Swiss,1.0,document
1900,Alps,1.0,document
1900,over 1 meter,1.0,document
1900,Swiss,1.0,document
Alps,over 1 meter,1.0,document
Alps,Swiss,1.0,document
over 1 meter,Swiss,1.0,document
The World Glacier Monitoring Service,2023,2.0,sentence
The World Glacier Monitoring Service,over 1 meter,2.0,sentence
2023,over 1 meter,2.0,sentence
Swiss,10%,2.0,sentence
Swiss,the past two years,2.0,sentence
10%,the past two years,2.0,sentence
3 kilometers,The Aletsch Glacier,2.0,sentence
3 kilometers,80%,2.0,sentence
3 kilometers,2100,2.0,sentence
3 kilometers,1900,2.0,sentence
3 kilometers,Alps,2.0,sentence
The Aletsch Glacier,80%,2.0,sentence
The Aletsch Glacier,2100,2.0,sentence
The Aletsch Glacier,1900,2.0,sentence
The Aletsch Glacier,Alps,2.0,sentence
80%,2100,2.0,sentence
80%,1900,2.0,sentence
80%,Alps,2.0,sentence
2100,1900,2.0,sentence
2100,Alps,2.0,sentence
1900,Alps,2.0,sentence
40%,2026,1.0,document
40%,"10,000",1.0,document
40%,the Jordan Valley,1.0,document
40%,the Jordanian Ministry of Agriculture,1.0,document
40%,FAO,1.0,document
40%,15-30%,1.0,document
2026,"10,000",1.0,document
2026,the Jordan Valley,1.0,document
2026,the Jordanian Ministry of Agriculture,1.0,document
2026,FAO,1.0,document
2026,15-30%,1.0,document
"10,000",the Jordan Valley,1.0,document
"10,000",the Jordanian Ministry of Agriculture,1.0,document
"10,000",FAO,1.0,document
"10,000",15-30%,1.0,document
the Jordan Valley,the Jordanian Ministry of Agriculture,1.0,document
the Jordan Valley,FAO,1.0,document
the Jordan Valley,15-30%,1.0,document
the Jordanian Ministry of Agriculture,FAO,1.0,document
the Jordanian Ministry of Agriculture,15-30%,1.0,document
FAO,15-30%,1.0,document
40%,15-30%,2.0,sentence
40%,the Jordan Valley,2.0,sentence
15-30%,the Jordan Valley,2.0,sentence
the Jordanian Ministry of Agriculture,FAO,2.0,sentence
the Jordanian Ministry of Agriculture,2026,2.0,sentence
the Jordanian Ministry of Agriculture,"10,000",2.0,sentence
FAO,2026,2.0,sentence
FAO,"10,000",2.0,sentence
2026,"10,000",2.0,sentence
أصدرت الوكالة,2023,1.0,document
أصدرت الوكالة,89%,1.0,document
أصدرت الوكالة,العالمية,1.0,document
أصدرت الوكالة,2010,1.0,document
أصدرت الوكالة,الفترة من,1.0,document
أصدرت الوكالة,"1,500",1.0,document
أصدرت الوكالة,وبلغت القدرة,1.0,document
أصدرت الوكالة,المتحدة والهند قائمة أكبر المنتجين,1.0,document
أصدرت الوكالة,الشمسية,1.0,document
أصدرت الوكالة,دول,1.0,document
أصدرت الوكالة,للكهرباء,1.0,document
2023,89%,2.0,document
2023,العالمية,1.0,document
2023,2010,2.0,document
2023,الفترة من,1.0,document
2023,"1,500",1.0,document
2023,وبلغت القدرة,1.0,document
2023,المتحدة والهند قائمة أكبر المنتجين,1.0,document
2023,دول,1.0,document
2023,للكهرباء,1.0,document
89%,العالمية,1.0,document
89%,2010,2.0,document
89%,الفترة من,1.0,document
89%,"1,500",1.0,document
89%,وبلغت القدرة,1.0,document
89%,المتحدة والهند قائمة أكبر المنتجين,1.0,document
89%,الشمسية,1.0,document
89%,دول,1.0,document
89%,للكهرباء,1.0,document
العالمية,2010,1.0,document
العالمية,الفترة من,1.0,document
العالمية,"1,500",1.0,document
العالمية,وبلغت القدرة,1.0,document
العالمية,المتحدة والهند قائمة أكبر المنتجين,1.0,document
العالمية,الشمسية,1.0,document
العالمية,دول,1.0,document
العالمية,للكهرباء,1.0,document
2010,الفترة من,1.0,document
2010,"1,500",1.0,document
2010,وبلغت القدرة,1.0,document
2010,المتحدة والهند قائمة أكبر المنتجين,1.0,document
2010,الشمسية,1.0,document
2010,دول,1.0,document
2010,للكهرباء,1.0,document
الفترة من,"1,500",1.0,document
الفترة من,وبلغت القدرة,1.0,document
الفترة من,المتحدة والهند قائمة أكبر المنتجين,1.0,document
الفترة من,الشمسية,1.0,document
الفترة من,دول,1.0,document
الفترة من,للكهرباء,1.0,document
"1,500",وبلغت القدرة,1.0,document
"1,500",المتحدة والهند قائمة أكبر المنتجين,1.0,document
"1,500",الشمسية,1.0,document
"1,500",دول,1.0,document
"1,500",للكهرباء,1.0,document
وبلغت القدرة,المتحدة والهند قائمة أكبر المنتجين,1.0,document
وبلغت القدرة,الشمسية,1.0,document
وبلغت القدرة,دول,1.0,document
وبلغت القدرة,للكهرباء,1.0,document
المتحدة والهند قائمة أكبر المنتجين,الشمسية,1.0,document
المتحدة والهند قائمة أكبر المنتجين,دول,1.0,document
المتحدة والهند قائمة أكبر المنتجين,للكهرباء,1.0,document
الشمسية,دول,1.0,document
الشمسية,للكهرباء,1.0,document
دول,للكهرباء,1.0,document
أصدرت الوكالة,2023,2.0,sentence
أصدرت الوكالة,89%,2.0,sentence
أصدرت الوكالة,2010,2.0,sentence
أصدرت الوكالة,الفترة من,2.0,sentence
أصدرت الوكالة,الشمسية,2.0,sentence
أصدرت الوكالة,للكهرباء,2.0,sentence
2023,89%,4.0,sentence
2023,2010,4.0,sentence
2023,الفترة من,2.0,sentence
2023,للكهرباء,2.0,sentence
89%,2010,4.0,sentence
89%,الفترة من,2.0,sentence
89%,الشمسية,2.0,sentence
89%,للكهرباء,2.0,sentence
2010,الفترة من,2.0,sentence
2010,الشمسية,2.0,sentence
2010,للكهرباء,2.0,sentence
الفترة من,الشمسية,2.0,sentence
الفترة من,للكهرباء,2.0,sentence
الشمسية,للكهرباء,2.0,sentence
2023,العالمية,2.0,sentence
2023,"1,500",2.0,sentence
2023,وبلغت القدرة,2.0,sentence
العالمية,"1,500",2.0,sentence
العالمية,وبلغت القدرة,2.0,sentence
"1,500",وبلغت القدرة,2.0,sentence
سطح البحر,2050,1.0,document
سطح البحر,للخطر جاكرتا وبانكوك,1.0,document
سطح البحر,وتشمل المدن الأكثر عرضة,1.0,document
سطح البحر,71,1.0,document
سطح البحر,دراسة دولية,1.0,document
سطح البحر,والإسكندرية وميامي,1.0,document
2050,للخطر جاكرتا وبانكوك,1.0,document
2050,وتشمل المدن الأكثر عرضة,1.0,document
2050,71,1.0,document
2050,دراسة دولية,1.0,document
2050,والإسكندرية وميامي,1.0,document
للخطر جاكرتا وبانكوك,وتشمل المدن الأكثر عرضة,1.0,document
للخطر جاكرتا وبانكوك,71,1.0,document
للخطر جاكرتا وبانكوك,دراسة دولية,1.0,document
للخطر جاكرتا وبانكوك,والإسكندرية وميامي,1.0,document
وتشمل المدن الأكثر عرضة,71,1.0,document
وتشمل المدن الأكثر عرضة,دراسة دولية,1.0,document
وتشمل المدن الأكثر عرضة,والإسكندرية وميامي,1.0,document
71,دراسة دولية,1.0,document
71,والإسكندرية وميامي,1.0,document
دراسة دولية,والإسكندرية وميامي,1.0,document
سطح البحر,دراسة دولية,2.0,sentence
وتشمل المدن الأكثر عرضة,والإسكندرية وميامي,2.0,sentence
وتشمل المدن الأكثر عرضة,للخطر جاكرتا وبانكوك,2.0,sentence
والإسكندرية وميامي,للخطر جاكرتا وبانكوك,2.0,sentence
2050,71,2.0,sentence
"Over 2,300",65,1.0,document
"Over 2,300",March 2024,1.0,document
"Over 2,300",the International Court of Justice,1.0,document
"Over 2,300",over 130,1.0,document
"Over 2,300",Vanuatu,1.0,document
65,March 2024,1.0,document
65,the International Court of Justice,1.0,document
65,over 130,1.0,document
65,Vanuatu,1.0,document
March 2024,the International Court of Justice,1.0,document
March 2024,over 130,1.0,document
March 2024,Vanuatu,1.0,document
the International Court of Justice,over 130,1.0,document
the International Court of Justice,Vanuatu,1.0,document
over 130,Vanuatu,1.0,document
the International Court of Justice,March 2024,2.0,sentence
over 130,Vanuatu,2.0,sentence
65,"Over 2,300",2.0,sentence
على استعادة,2018,1.0,document
على استعادة,محمية الأزرق المائية،,1.0,document
على استعادة,الهاشمية,1.0,document
على استعادة,كانت,1.0,document
على استعادة,1.5,1.0,document
على استعادة,الجمعية الملكية لحماية الطبيعة,1.0,document
على استعادة,الضخ المفرط,1.0,document
على استعادة,بالجفاف التام,1.0,document
على استعادة,أنشأت المملكة,1.0,document
على استعادة,النظام البيئي للواحة,1.0,document
2018,محمية الأزرق المائية،,1.0,document
2018,الهاشمية,1.0,document
2018,كانت,1.0,document
2018,1.5,1.0,document
2018,الجمعية الملكية لحماية الطبيعة,1.0,document
2018,الضخ المفرط,1.0,document
2018,بالجفاف التام,1.0,document
2018,أنشأت المملكة,1.0,document
2018,النظام البيئي للواحة,1.0,document
محمية الأزرق المائية،,الهاشمية,1.0,document
محمية الأزرق المائية،,كانت,1.0,document
محمية الأزرق المائية،,1.5,1.0,document
محمية الأزرق المائية،,الجمعية الملكية لحماية الطبيعة,1.0,document
محمية الأزرق المائية،,الضخ المفرط,1.0,document
محمية الأزرق المائية،,بالجفاف التام,1.0,document
محمية الأزرق المائية،,أنشأت المملكة,1.0,document
محمية الأزرق المائية،,النظام البيئي للواحة,1.0,document
الهاشمية,كانت,1.0,document
الهاشمية,1.5,1.0,document
الهاشمية,الجمعية الملكية لحماية الطبيعة,1.0,document
الهاشمية,الضخ المفرط,1.0,document
الهاشمية,بالجفاف التام,1.0,document
الهاشمية,أنشأت المملكة,1.0,document
الهاشمية,النظام البيئي للواحة,1.0,document
كانت,1.5,1.0,document
كانت,الجمعية الملكية لحماية الطبيعة,1.0,document
كانت,الضخ المفرط,1.0,document
كانت,بالجفاف التام,1.0,document
كانت,أنشأت المملكة,1.0,document
كانت,النظام البيئي للواحة,1.0,document
1.5,الجمعية الملكية لحماية الطبيعة,1.0,document
1.5,الضخ المفرط,1.0,document
1.5,بالجفاف التام,1.0,document
1.5,أنشأت المملكة,1.0,document
1.5,النظام البيئي للواحة,1.0,document
الجمعية الملكية لحماية الطبيعة,الضخ المفرط,1.0,document
الجمعية الملكية لحماية الطبيعة,بالجفاف التام,1.0,document
الجمعية الملكية لحماية الطبيعة,أنشأت المملكة,1.0,document
الجمعية الملكية لحماية الطبيعة,النظام البيئي للواحة,1.0,document
الضخ المفرط,بالجفاف التام,1.0,document
الضخ المفرط,أنشأت المملكة,1.0,document
الضخ المفرط,النظام البيئي للواحة,1.0,document
بالجفاف التام,أنشأت المملكة,1.0,document
بالجفاف التام,النظام البيئي للواحة,1.0,document
أنشأت المملكة,النظام البيئي للواحة,1.0,document
الجمعية الملكية لحماية الطبيعة,محمية الأزرق المائية،,2.0,sentence
الجمعية الملكية لحماية الطبيعة,أنشأت المملكة,2.0,sentence
الجمعية الملكية لحماية الطبيعة,الهاشمية,2.0,sentence
محمية الأزرق المائية،,أنشأت المملكة,2.0,sentence
محمية الأزرق المائية،,الهاشمية,2.0,sentence
أنشأت المملكة,الهاشمية,2.0,sentence
على استعادة,كانت,2.0,sentence
على استعادة,الضخ المفرط,2.0,sentence
على استعادة,بالجفاف التام,2.0,sentence
على استعادة,النظام البيئي للواحة,2.0,sentence
كانت,الضخ المفرط,2.0,sentence
كانت,بالجفاف التام,2.0,sentence
كانت,النظام البيئي للواحة,2.0,sentence
الضخ المفرط,بالجفاف التام,2.0,sentence
الضخ المفرط,النظام البيئي للواحة,2.0,sentence
بالجفاف التام,النظام البيئي للواحة,2.0,sentence
1.5,2018,2.0,sentence
أفريقيا جنوب الصحراء,وتتركز المخاطر,1.0,document
أفريقيا جنوب الصحراء,أكد,1.0,document
أفريقيا جنوب الصحراء,ويوصي التقرير,1.0,document
أفريقيا جنوب الصحراء,التكيف المجتمعي للفئات الأكثر هشاشة,1.0,document
أفريقيا جنوب الصحراء,2030,1.0,document
أفريقيا جنوب الصحراء,132,1.0,document
أفريقيا جنوب الصحراء,آسيا,1.0,document
وتتركز المخاطر,أكد,1.0,document
وتتركز المخاطر,ويوصي التقرير,1.0,document
وتتركز المخاطر,التكيف المجتمعي للفئات الأكثر هشاشة,1.0,document
وتتركز المخاطر,2030,1.0,document
وتتركز المخاطر,132,1.0,document
وتتركز المخاطر,آسيا,1.0,document
أكد,ويوصي التقرير,1.0,document
أكد,التكيف المجتمعي للفئات الأكثر هشاشة,1.0,document
أكد,2030,1.0,document
أكد,132,1.0,document
أكد,آسيا,1.0,document
ويوصي التقرير,التكيف المجتمعي للفئات الأكثر هشاشة,1.0,document
ويوصي التقرير,2030,1.0,document
ويوصي التقرير,132,1.0,document
ويوصي التقرير,آسيا,1.0,document
التكيف المجتمعي للفئات الأكثر هشاشة,2030,1.0,document
التكيف المجتمعي للفئات الأكثر هشاشة,132,1.0,document
التكيف المجتمعي للفئات الأكثر هشاشة,آسيا,1.0,document
2030,132,1.0,document
2030,آسيا,1.0,document
132,آسيا,1.0,document
132,2030,2.0,sentence
آسيا,أفريقيا جنوب الصحراء,2.0,sentence
آسيا,وتتركز المخاطر,2.0,sentence
أفريقيا جنوب الصحراء,وتتركز المخاطر,2.0,sentence
45,3,1.0,document
45,March 2024,1.0,document
45,the Jordan Valley,1.0,document
45,"15,000",1.0,document
45,Jordan,1.0,document
45,$12 million,1.0,document
45,the 2024 winter season,1.0,document
45,an estimated 22%,1.0,document
45,the European Space Agency,1.0,document
3,March 2024,1.0,document
3,the Jordan Valley,1.0,document
3,"15,000",1.0,document
3,Jordan,1.0,document
3,$12 million,1.0,document
3,the 2024 winter season,1.0,document
3,an estimated 22%,1.0,document
3,the European Space Agency,1.0,document
March 2024,the Jordan Valley,1.0,document
March 2024,"15,000",1.0,document
March 2024,Jordan,1.0,document
March 2024,$12 million,1.0,document
March 2024,the 2024 winter season,1.0,document
March 2024,an estimated 22%,1.0,document
March 2024,the European Space Agency,1.0,document
the Jordan Valley,"15,000",1.0,document
the Jordan Valley,Jordan,1.0,document
the Jordan Valley,$12 million,1.0,document
the Jordan Valley,the 2024 winter season,1.0,document
the Jordan Valley,an estimated 22%,1.0,document
the Jordan Valley,the European Space Agency,1.0,document
"15,000",Jordan,1.0,document
"15,000",$12 million,1.0,document
"15,000",the 2024 winter season,1.0,document
"15,000",an estimated 22%,1.0,document
"15,000",the European Space Agency,1.0,document
Jordan,$12 million,1.0,document
Jordan,the 2024 winter season,1.0,document
Jordan,an estimated 22%,1.0,document
Jordan,the European Space Agency,1.0,document
$12 million,the 2024 winter season,1.0,document
$12 million,an estimated 22%,1.0,document
$12 million,the European Space Agency,1.0,document
the 2024 winter season,an estimated 22%,1.0,document
the 2024 winter season,the European Space Agency,1.0,document
an estimated 22%,the European Space Agency,1.0,document
45,3,2.0,sentence
45,the Jordan Valley,2.0,sentence
45,Jordan,2.0,sentence
45,the European Space Agency,2.0,sentence
3,the Jordan Valley,2.0,sentence
3,Jordan,2.0,sentence
3,the European Space Agency,2.0,sentence
the Jordan Valley,Jordan,2.0,sentence
the Jordan Valley,the European Space Agency,2.0,sentence
Jordan,the European Space Agency,2.0,sentence
March 2024,"15,000",2.0,sentence
March 2024,$12 million,2.0,sentence
"15,000",$12 million,2.0,sentence
an estimated 22%,the 2024 winter season,2.0,sentence
40%,على,1.0,document
40%,النتائج أن الأصناف,1.0,document
40%,2025,1.0,document
40%,"5,000 مزارع بحلول موسم",1.0,document
40%,75%,1.0,document
على,النتائج أن الأصناف,1.0,document
على,2025,1.0,document
على,"5,000 مزارع بحلول موسم",1.0,document
النتائج أن الأصناف,2025,1.0,document
النتائج أن الأصناف,"5,000 مزارع بحلول موسم",1.0,document
النتائج أن الأصناف,75%,1.0,document
2025,"5,000 مزارع بحلول موسم",1.0,document
2025,75%,1.0,document
"5,000 مزارع بحلول موسم",75%,1.0,document
40%,75%,2.0,sentence
40%,النتائج أن الأصناف,2.0,sentence
75%,النتائج أن الأصناف,2.0,sentence
"5,000 مزارع بحلول موسم",على,2.0,sentence
"5,000 مزارع بحلول موسم",2025,2.0,sentence
على,2025,2.0,sentence
CCS,2024,1.0,document
CCS,annually,1.0,document
CCS,Western Australia,1.0,document
CCS,the Global CCS Institute,1.0,document
CCS,4 million tonnes,1.0,document
CCS,Gorgon,1.0,document
CCS,45 million tonnes,1.0,document
2024,annually,1.0,document
2024,Western Australia,1.0,document
2024,the Global CCS Institute,1.0,document
2024,4 million tonnes,1.0,document
2024,Gorgon,1.0,document
2024,45 million tonnes,1.0,document
annually,Western Australia,1.0,document
annually,the Global CCS Institute,1.0,document
annually,4 million tonnes,1.0,document
annually,Gorgon,1.0,document
annually,45 million tonnes,1.0,document
Western Australia,the Global CCS Institute,1.0,document
Western Australia,4 million tonnes,1.0,document
Western Australia,Gorgon,1.0,document
Western Australia,45 million tonnes,1.0,document
the Global CCS Institute,4 million tonnes,1.0,document
the Global CCS Institute,Gorgon,1.0,document
the Global CCS Institute,45 million tonnes,1.0,document
4 million tonnes,Gorgon,1.0,document
4 million tonnes,45 million tonnes,1.0,document
Gorgon,45 million tonnes,1.0,document
2024,the Global CCS Institute,2.0,sentence
2024,45 million tonnes,2.0,sentence
the Global CCS Institute,45 million tonnes,2.0,sentence
4 million tonnes,Western Australia,2.0,sentence
4 million tonnes,Gorgon,2.0,sentence
4 million tonnes,annually,2.0,sentence
Western Australia,Gorgon,2.0,sentence
Western Australia,annually,2.0,sentence
Gorgon,annually,2.0,sentence
IMF,$1.3 trillion,1.0,document
IMF,2022,1.0,document
IMF,$7 trillion,1.0,document
IMF,OECD,1.0,document
IMF,7.1%,1.0,document
IMF,2021,1.0,document
$1.3 trillion,$7 trillion,1.0,document
$1.3 trillion,OECD,1.0,document
$1.3 trillion,7.1%,1.0,document
2022,$7 trillion,1.0,document
2022,OECD,1.0,document
2022,7.1%,1.0,document
$7 trillion,OECD,1.0,document
$7 trillion,7.1%,1.0,document
$7 trillion,2021,1.0,document
OECD,7.1%,1.0,document
OECD,2021,1.0,document
7.1%,2021,1.0,document
OECD,$1.3 trillion,2.0,sentence
OECD,2022,2.0,sentence
OECD,2021,2.0,sentence
$1.3 trillion,2021,2.0,sentence
2022,2021,2.0,sentence
$7 trillion,IMF,2.0,sentence
$7 trillion,7.1%,2.0,sentence
IMF,7.1%,2.0,sentence
annual,The European Union,1.0,document
annual,the United States,1.0,document
annual,$2.2 trillion,1.0,document
annual,$575 billion,1.0,document
annual,Jordan,1.0,document
annual,China,1.0,document
annual,first,1.0,document
annual,$250 million,1.0,document
annual,the end of 2023,1.0,document
The European Union,the United States,1.0,document
The European Union,$2.2 trillion,1.0,document
The European Union,2023,1.0,document
The European Union,$575 billion,1.0,document
The European Union,Jordan,1.0,document
The European Union,China,1.0,document
The European Union,first,1.0,document
The European Union,$250 million,1.0,document
The European Union,the end of 2023,1.0,document
the United States,$2.2 trillion,1.0,document
the United States,$575 billion,1.0,document
the United States,Jordan,1.0,document
the United States,China,1.0,document
the United States,first,1.0,document
the United States,$250 million,1.0,document
the United States,the end of 2023,1.0,document
$2.2 trillion,2023,1.0,document
$2.2 trillion,$575 billion,1.0,document
$2.2 trillion,Jordan,1.0,document
$2.2 trillion,China,1.0,document
$2.2 trillion,first,1.0,document
$2.2 trillion,$250 million,1.0,document
$2.2 trillion,the end of 2023,1.0,document
2023,$575 billion,1.0,document
2023,first,1.0,document
2023,$250 million,1.0,document
2023,the end of 2023,1.0,document
$575 billion,Jordan,1.0,document
$575 billion,China,1.0,document
$575 billion,first,1.0,document
$575 billion,$250 million,1.0,document
$575 billion,the end of 2023,1.0,document
Jordan,China,1.0,document
Jordan,$250 million,1.0,document
Jordan,the end of 2023,1.0,document
China,first,1.0,document
China,$250 million,1.0,document
China,the end of 2023,1.0,document
first,$250 million,1.0,document
first,the end of 2023,1.0,document
$250 million,the end of 2023,1.0,document
$2.2 trillion,the end of 2023,2.0,sentence
$2.2 trillion,annual,2.0,sentence
$2.2 trillion,$575 billion,2.0,sentence
the end of 2023,annual,2.0,sentence
the end of 2023,$575 billion,2.0,sentence
annual,$575 billion,2.0,sentence
China,The European Union,2.0,sentence
China,the United States,2.0,sentence
The European Union,the United States,2.0,sentence
2023,first,2.0,sentence
2023,$250 million,2.0,sentence
Jordan,$250 million,2.0,sentence
first,$250 million,2.0,sentence
Riyadh,El Nino,1.0,document
Riyadh,hours,1.0,document
Riyadh,the Northern Hemisphere,1.0,document
Riyadh,the Middle East,1.0,document
Riyadh,South Asia,1.0,document
Riyadh,Baghdad,1.0,document
Riyadh,2024 heatwave season,1.0,document
Riyadh,Amman,1.0,document
Riyadh,The Global Heat Health Information Network,1.0,document
El Nino,hours,1.0,document
El Nino,the Northern Hemisphere,1.0,document
El Nino,South Asia,1.0,document
El Nino,Baghdad,1.0,document
El Nino,2024 heatwave season,1.0,document
El Nino,Amman,1.0,document
El Nino,The Global Heat Health Information Network,1.0,document
hours,the Northern Hemisphere,1.0,document
hours,the Middle East,1.0,document
hours,South Asia,1.0,document
hours,Baghdad,1.0,document
hours,2024 heatwave season,1.0,document
hours,Amman,1.0,document
hours,The Global Heat Health Information Network,1.0,document
the Northern Hemisphere,South Asia,1.0,document
the Northern Hemisphere,Baghdad,1.0,document
the Northern Hemisphere,2024 heatwave season,1.0,document
the Northern Hemisphere,Amman,1.0,document
the Northern Hemisphere,The Global Heat Health Information Network,1.0,document
the Middle East,Baghdad,1.0,document
the Middle East,2024 heatwave season,1.0,document
the Middle East,Amman,1.0,document
the Middle East,The Global Heat Health Information Network,1.0,document
South Asia,Baghdad,1.0,document
South Asia,2024 heatwave season,1.0,document
South Asia,Amman,1.0,document
South Asia,The Global Heat Health Information Network,1.0,document
Baghdad,2024 heatwave season,1.0,document
Baghdad,Amman,1.0,document
Baghdad,The Global Heat Health Information Network,1.0,document
2024 heatwave season,Amman,1.0,document
2024 heatwave season,The Global Heat Health Information Network,1.0,document
Amman,The Global Heat Health Information Network,1.0,document
The Global Heat Health Information Network,the Northern Hemisphere,2.0,sentence
The Global Heat Health Information Network,2024 heatwave season,2.0,sentence
The Global Heat Health Information Network,El Nino,2.0,sentence
the Northern Hemisphere,2024 heatwave season,2.0,sentence
the Northern Hemisphere,El Nino,2.0,sentence
2024 heatwave season,El Nino,2.0,sentence
hours,the Middle East,2.0,sentence
hours,South Asia,2.0,sentence
Amman,Riyadh,2.0,sentence
Amman,Baghdad,2.0,sentence
Riyadh,Baghdad,2.0,sentence
Mediterranean,The Red Sea's,1.0,document
Mediterranean,Saudi Arabia,1.0,document
Mediterranean,Italy,1.0,document
Mediterranean,500-megawatt,1.0,document
Mediterranean,up to 10%,1.0,document
Mediterranean,Spain,1.0,document
Mediterranean,Neom,1.0,document
The Red Sea's,Saudi Arabia,1.0,document
The Red Sea's,2050,1.0,document
The Red Sea's,Italy,1.0,document
The Red Sea's,500-megawatt,1.0,document
The Red Sea's,up to 10%,1.0,document
The Red Sea's,Spain,1.0,document
The Red Sea's,Neom,1.0,document
The Red Sea's,Greece,1.0,document
Saudi Arabia,2050,2.0,document
Saudi Arabia,Italy,1.0,document
Saudi Arabia,500-megawatt,1.0,document
Saudi Arabia,up to 10%,1.0,document
Saudi Arabia,Spain,1.0,document
Saudi Arabia,Neom,1.0,document
Saudi Arabia,Greece,1.0,document
2050,Italy,1.0,document
2050,500-megawatt,1.0,document
2050,up to 10%,1.0,document
2050,Spain,1.0,document
2050,Neom,1.0,document
2050,Greece,1.0,document
Italy,500-megawatt,1.0,document
Italy,up to 10%,1.0,document
Italy,Spain,1.0,document
Italy,Neom,1.0,document
Italy,Greece,1.0,document
500-megawatt,up to 10%,1.0,document
500-megawatt,Spain,1.0,document
500-megawatt,Neom,1.0,document
500-megawatt,Greece,1.0,document
up to 10%,Spain,1.0,document
up to 10%,Neom,1.0,document
up to 10%,Greece,1.0,document
Spain,Neom,1.0,document
Spain,Greece,1.0,document
Neom,Greece,1.0,document
up to 10%,2050,2.0,sentence
Neom,The Red Sea's,2.0,sentence
Neom,Saudi Arabia,2.0,sentence
Neom,500-megawatt,2.0,sentence
The Red Sea's,Saudi Arabia,2.0,sentence
The Red Sea's,500-megawatt,2.0,sentence
Saudi Arabia,500-megawatt,2.0,sentence
Mediterranean,Italy,2.0,sentence
Mediterranean,Spain,2.0,sentence
Greece,Italy,2.0,sentence
Greece,Spain,2.0,sentence
Italy,Spain,2.0,sentence
0.049,80%,1.0,document
0.049,2023,1.0,document
0.049,0.033,1.0,document
0.049,The Middle East,1.0,document
0.049,The International Renewable Energy Agency,1.0,document
0.049,89%,1.0,document
0.049,2010,1.0,document
0.049,North Africa,1.0,document
80%,0.033,1.0,document
80%,The Middle East,1.0,document
80%,The International Renewable Energy Agency,1.0,document
80%,89%,1.0,document
80%,2010,1.0,document
80%,North Africa,1.0,document
2023,0.033,1.0,document
2023,The International Renewable Energy Agency,1.0,document
0.033,The Middle East,1.0,document
0.033,The International Renewable Energy Agency,1.0,document
0.033,89%,1.0,document
0.033,2010,1.0,document
0.033,North Africa,1.0,document
The Middle East,The International Renewable Energy Agency,1.0,document
The Middle East,89%,1.0,document
The Middle East,2010,1.0,document
The International Renewable Energy Agency,89%,1.0,document
The International Renewable Energy Agency,2010,1.0,document
The International Renewable Energy Agency,North Africa,1.0,document
89%,North Africa,1.0,document
2010,North Africa,1.0,document
0.049,2023,2.0,sentence
0.049,The International Renewable Energy Agency,2.0,sentence
0.049,89%,2.0,sentence
0.049,2010,2.0,sentence
2023,The International Renewable Energy Agency,2.0,sentence
The International Renewable Energy Agency,89%,2.0,sentence
The International Renewable Energy Agency,2010,2.0,sentence
المؤتمر,على,1.0,document
المؤتمر,60,1.0,document
المؤتمر,مدينة,1.0,document
المؤتمر,2023,1.0,document
المؤتمر,2.5,1.0,document
المؤتمر,للمناخ,1.0,document
المؤتمر,الإقليمي,1.0,document
المؤتمر,8,1.0,document
المؤتمر,"2,000",1.0,document
المؤتمر,إطلاق صندوق استثماري,1.0,document
على,60,1.0,document
على,مدينة,1.0,document
على,2023,1.0,document
على,2.5,1.0,document
على,للمناخ,1.0,document
على,الإقليمي,1.0,document
على,8,1.0,document
على,"2,000",1.0,document
على,إطلاق صندوق استثماري,1.0,document
60,مدينة,1.0,document
60,2023,1.0,document
60,2.5,1.0,document
60,للمناخ,1.0,document
60,الإقليمي,1.0,document
60,8,1.0,document
60,"2,000",1.0,document
60,إطلاق صندوق استثماري,1.0,document
مدينة,2023,1.0,document
مدينة,2.5,1.0,document
مدينة,للمناخ,1.0,document
مدينة,الإقليمي,1.0,document
مدينة,8,1.0,document
مدينة,"2,000",1.0,document
مدينة,إطلاق صندوق استثماري,1.0,document
2023,للمناخ,1.0,document
2023,الإقليمي,1.0,document
2023,8,1.0,document
2023,"2,000",1.0,document
2023,إطلاق صندوق استثماري,1.0,document
2.5,للمناخ,1.0,document
2.5,الإقليمي,1.0,document
2.5,8,1.0,document
2.5,"2,000",1.0,document
2.5,إطلاق صندوق استثماري,1.0,document
للمناخ,الإقليمي,1.0,document
للمناخ,8,1.0,document
للمناخ,"2,000",1.0,document
للمناخ,إطلاق صندوق استثماري,1.0,document
الإقليمي,8,1.0,document
الإقليمي,"2,000",1.0,document
الإقليمي,إطلاق صندوق استثماري,1.0,document
8,"2,000",1.0,document
8,إطلاق صندوق استثماري,1.0,document
"2,000",إطلاق صندوق استثماري,1.0,document
المؤتمر,60,2.0,sentence
المؤتمر,مدينة,2.0,sentence
المؤتمر,2023,2.0,sentence
المؤتمر,للمناخ,2.0,sentence
المؤتمر,"2,000",2.0,sentence
60,مدينة,2.0,sentence
60,2023,2.0,sentence
60,للمناخ,2.0,sentence
60,"2,000",2.0,sentence
مدينة,2023,2.0,sentence
مدينة,للمناخ,2.0,sentence
مدينة,"2,000",2.0,sentence
2023,للمناخ,2.0,sentence
2023,"2,000",2.0,sentence
للمناخ,"2,000",2.0,sentence
2.5,إطلاق صندوق استثماري,2.0,sentence
على,8,2.0,sentence
80 million,Saudi Arabia,1.0,document
80 million,June 2024,1.0,document
80 million,the Middle East,1.0,document
80 million,summer hours,1.0,document
80 million,2030,1.0,document
80 million,Jordan,1.0,document
80 million,UAE,1.0,document
80 million,Qatar,1.0,document
80 million,first,1.0,document
80 million,The International Labour Organization,1.0,document
Saudi Arabia,June 2024,1.0,document
Saudi Arabia,the Middle East,1.0,document
Saudi Arabia,summer hours,1.0,document
Saudi Arabia,2030,1.0,document
Saudi Arabia,Jordan,1.0,document
Saudi Arabia,UAE,1.0,document
Saudi Arabia,Qatar,1.0,document
Saudi Arabia,first,1.0,document
Saudi Arabia,The International Labour Organization,1.0,document
June 2024,the Middle East,1.0,document
June 2024,summer hours,1.0,document
June 2024,2030,1.0,document
June 2024,Jordan,1.0,document
June 2024,UAE,1.0,document
June 2024,Qatar,1.0,document
June 2024,first,1.0,document
June 2024,The International Labour Organization,1.0,document
the Middle East,summer hours,1.0,document
the Middle East,UAE,1.0,document
the Middle East,Qatar,1.0,document
the Middle East,first,1.0,document
the Middle East,The International Labour Organization,1.0,document
summer hours,2030,1.0,document
summer hours,Jordan,1.0,document
summer hours,UAE,1.0,document
summer hours,Qatar,1.0,document
summer hours,first,1.0,document
summer hours,The International Labour Organization,1.0,document
2030,UAE,1.0,document
2030,Qatar,1.0,document
2030,first,2.0,document
2030,The International Labour Organization,1.0,document
Jordan,UAE,1.0,document
Jordan,Qatar,1.0,document
Jordan,The International Labour Organization,1.0,document
UAE,Qatar,1.0,document
UAE,first,1.0,document
UAE,The International Labour Organization,1.0,document
Qatar,first,1.0,document
Qatar,The International Labour Organization,1.0,document
first,The International Labour Organization,1.0,document
80 million,2030,2.0,sentence
80 million,The International Labour Organization,2.0,sentence
2030,The International Labour Organization,2.0,sentence
Saudi Arabia,the Middle East,2.0,sentence
Saudi Arabia,summer hours,2.0,sentence
Saudi Arabia,UAE,2.0,sentence
Saudi Arabia,Qatar,2.0,sentence
the Middle East,summer hours,2.0,sentence
the Middle East,UAE,2.0,sentence
the Middle East,Qatar,2.0,sentence
summer hours,UAE,2.0,sentence
summer hours,Qatar,2.0,sentence
UAE,Qatar,2.0,sentence
June 2024,Jordan,2.0,sentence
June 2024,first,2.0,sentence
المنظمة العالمية,، حيث,1.0,document
المنظمة العالمية,الجوية أن,1.0,document
المنظمة العالمية,التاريخ المسجل,1.0,document
المنظمة العالمية,بثلاثة أضعاف,1.0,document
المنظمة العالمية,2014-2023,1.0,document
المنظمة العالمية,المتوسط,1.0,document
، حيث,الجوية أن,1.0,document
، حيث,التاريخ المسجل,1.0,document
، حيث,بثلاثة أضعاف,1.0,document
، حيث,2014-2023,1.0,document
، حيث,المتوسط,1.0,document
الجوية أن,التاريخ المسجل,1.0,document
الجوية أن,بثلاثة أضعاف,1.0,document
الجوية أن,2014-2023,1.0,document
الجوية أن,المتوسط,1.0,document
التاريخ المسجل,بثلاثة أضعاف,1.0,document
التاريخ المسجل,2014-2023,1.0,document
التاريخ المسجل,المتوسط,1.0,document
بثلاثة أضعاف,2014-2023,1.0,document
بثلاثة أضعاف,المتوسط,1.0,document
2014-2023,المتوسط,1.0,document
المنظمة العالمية,الجوية أن,2.0,sentence
المنظمة العالمية,2014-2023,2.0,sentence
الجوية أن,2014-2023,2.0,sentence
التاريخ المسجل,، حيث,2.0,sentence
المتوسط,بثلاثة أضعاف,2.0,sentence
2018,50%,1.0,document
2018,60%,1.0,document
2018,2063,1.0,document
2018,The African Union's Agenda,1.0,document
2018,"500-5,000",1.0,document
2018,Africa,1.0,document
2018,only 1.3%,1.0,document
2018,African,1.0,document
50%,60%,1.0,document
50%,2063,1.0,document
50%,The African Union's Agenda,1.0,document
50%,"500-5,000",1.0,document
50%,Africa,1.0,document
50%,only 1.3%,1.0,document
50%,African,1.0,document
60%,2063,1.0,document
60%,The African Union's Agenda,1.0,document
60%,"500-5,000",1.0,document
60%,Africa,1.0,document
60%,only 1.3%,1.0,document
60%,African,1.0,document
2063,The African Union's Agenda,1.0,document
2063,"500-5,000",1.0,document
2063,Africa,1.0,document
2063,only 1.3%,1.0,document
2063,African,1.0,document
The African Union's Agenda,"500-5,000",1.0,document
The African Union's Agenda,Africa,1.0,document
The African Union's Agenda,only 1.3%,1.0,document
The African Union's Agenda,African,1.0,document
"500-5,000",Africa,1.0,document
"500-5,000",only 1.3%,1.0,document
"500-5,000",African,1.0,document
Africa,only 1.3%,1.0,document
Africa,African,1.0,document
only 1.3%,African,1.0,document
only 1.3%,60%,2.0,sentence
only 1.3%,African,2.0,sentence
60%,African,2.0,sentence
The African Union's Agenda,2063,2.0,sentence
Africa,50%,2.0,sentence
Africa,2018,2.0,sentence
Africa,"500-5,000",2.0,sentence
50%,2018,2.0,sentence
50%,"500-5,000",2.0,sentence
2018,"500-5,000",2.0,sentence
2023,الحرارة والرطوبة,1.0,document
2023,وأوصت المنظمة,1.0,document
الحرارة والرطوبة,وأوصت المنظمة,1.0,document
الحرارة والرطوبة,المناخ,1.0,document
وأوصت المنظمة,المناخ,1.0,document
2023,الحرارة والرطوبة,2.0,sentence
annual,40 million,1.0,document
annual,2009,1.0,document
annual,marine habitat,1.0,document
annual,2040,1.0,document
annual,Southeast Asian,1.0,document
annual,The Coral Triangle Initiative,1.0,document
annual,six,1.0,document
annual,76%,1.0,document
annual,120 million,1.0,document
40 million,2009,1.0,document
40 million,marine habitat,1.0,document
40 million,2040,1.0,document
40 million,Southeast Asian,1.0,document
40 million,The Coral Triangle Initiative,1.0,document
40 million,six,1.0,document
40 million,76%,1.0,document
40 million,120 million,1.0,document
2009,marine habitat,1.0,document
2009,2040,1.0,document
2009,Southeast Asian,1.0,document
2009,The Coral Triangle Initiative,1.0,document
2009,six,1.0,document
2009,76%,1.0,document
2009,120 million,1.0,document
marine habitat,2040,1.0,document
marine habitat,Southeast Asian,1.0,document
marine habitat,The Coral Triangle Initiative,1.0,document
marine habitat,six,1.0,document
marine habitat,76%,1.0,document
marine habitat,120 million,1.0,document
2040,Southeast Asian,1.0,document
2040,The Coral Triangle Initiative,1.0,document
2040,six,1.0,document
2040,76%,1.0,document
2040,120 million,1.0,document
Southeast Asian,The Coral Triangle Initiative,1.0,document
Southeast Asian,six,1.0,document
Southeast Asian,76%,1.0,document
Southeast Asian,120 million,1.0,document
The Coral Triangle Initiative,six,1.0,document
The Coral Triangle Initiative,76%,1.0,document
The Coral Triangle Initiative,120 million,1.0,document
six,76%,1.0,document
six,120 million,1.0,document
76%,120 million,1.0,document
40 million,2009,2.0,sentence
40 million,marine habitat,2.0,sentence
40 million,Southeast Asian,2.0,sentence
40 million,The Coral Triangle Initiative,2.0,sentence
40 million,six,2.0,sentence
2009,marine habitat,2.0,sentence
2009,Southeast Asian,2.0,sentence
2009,The Coral Triangle Initiative,2.0,sentence
2009,six,2.0,sentence
marine habitat,Southeast Asian,2.0,sentence
marine habitat,The Coral Triangle Initiative,2.0,sentence
marine habitat,six,2.0,sentence
Southeast Asian,The Coral Triangle Initiative,2.0,sentence
Southeast Asian,six,2.0,sentence
The Coral Triangle Initiative,six,2.0,sentence
120 million,76%,2.0,sentence
2040,annual,2.0,sentence
Asia,600 tonnes,1.0,document
Asia,Saudi Arabia,1.0,document
Asia,the Hydrogen Council,1.0,document
Asia,Europe,1.0,document
Asia,2050,1.0,document
Asia,The Middle East's,1.0,document
Asia,12%,1.0,document
Asia,4,1.0,document
Asia,NEOM,1.0,document
600 tonnes,Saudi Arabia,1.0,document
600 tonnes,the Hydrogen Council,1.0,document
600 tonnes,Europe,1.0,document
600 tonnes,2050,1.0,document
600 tonnes,The Middle East's,1.0,document
600 tonnes,12%,1.0,document
600 tonnes,4,1.0,document
600 tonnes,NEOM,1.0,document
Saudi Arabia,the Hydrogen Council,1.0,document
Saudi Arabia,Europe,1.0,document
Saudi Arabia,The Middle East's,1.0,document
Saudi Arabia,12%,1.0,document
Saudi Arabia,4,1.0,document
Saudi Arabia,NEOM,1.0,document
the Hydrogen Council,Europe,1.0,document
the Hydrogen Council,2050,1.0,document
the Hydrogen Council,The Middle East's,1.0,document
the Hydrogen Council,12%,1.0,document
the Hydrogen Council,4,1.0,document
the Hydrogen Council,NEOM,1.0,document
Europe,2050,1.0,document
Europe,The Middle East's,1.0,document
Europe,12%,1.0,document
Europe,4,1.0,document
Europe,NEOM,1.0,document
2050,The Middle East's,1.0,document
2050,12%,1.0,document
2050,4,1.0,document
2050,NEOM,1.0,document
The Middle East's,12%,1.0,document
The Middle East's,4,1.0,document
The Middle East's,NEOM,1.0,document
12%,4,1.0,document
12%,NEOM,1.0,document
4,NEOM,1.0,document
2050,12%,2.0,sentence
2050,the Hydrogen Council,2.0,sentence
12%,the Hydrogen Council,2.0,sentence
Asia,600 tonnes,2.0,sentence
Asia,Saudi Arabia,2.0,sentence
Asia,Europe,2.0,sentence
Asia,4,2.0,sentence
Asia,NEOM,2.0,sentence
600 tonnes,Saudi Arabia,2.0,sentence
600 tonnes,Europe,2.0,sentence
600 tonnes,4,2.0,sentence
600 tonnes,NEOM,2.0,sentence
Saudi Arabia,Europe,2.0,sentence
Saudi Arabia,4,2.0,sentence
Saudi Arabia,NEOM,2.0,sentence
Europe,4,2.0,sentence
Europe,NEOM,2.0,sentence
4,NEOM,2.0,sentence
Hussein Bin Talal,12,1.0,document
Hussein Bin Talal,28%,1.0,document
Hussein Bin Talal,2030,1.0,document
Hussein Bin Talal,Jordan,1.0,document
Hussein Bin Talal,first,1.0,document
Hussein Bin Talal,The United Nations Industrial Development Organization,1.0,document
Hussein Bin Talal,6 million,1.0,document
12,28%,1.0,document
12,2030,1.0,document
12,Jordan,1.0,document
12,first,1.0,document
12,The United Nations Industrial Development Organization,1.0,document
12,6 million,1.0,document
28%,2030,1.0,document
28%,Jordan,1.0,document
28%,first,1.0,document
28%,The United Nations Industrial Development Organization,1.0,document
28%,6 million,1.0,document
2030,The United Nations Industrial Development Organization,1.0,document
2030,6 million,1.0,document
Jordan,The United Nations Industrial Development Organization,1.0,document
Jordan,6 million,1.0,document
first,The United Nations Industrial Development Organization,1.0,document
first,6 million,1.0,document
The United Nations Industrial Development Organization,6 million,1.0,document
The United Nations Industrial Development Organization,6 million,2.0,sentence
The United Nations Industrial Development Organization,28%,2.0,sentence
The United Nations Industrial Development Organization,2030,2.0,sentence
6 million,28%,2.0,sentence
6 million,2030,2.0,sentence
28%,2030,2.0,sentence
Hussein Bin Talal,Jordan,2.0,sentence
Hussein Bin Talal,first,2.0,sentence
Hussein Bin Talal,12,2.0,sentence
Jordan,12,2.0,sentence
first,12,2.0,sentence
2024,India,1.0,document
2024,National Solar Mission,1.0,document
2024,"2,245 megawatts",1.0,document
2024,70,1.0,document
2024,Rajasthan,1.0,document
2024,0.038,1.0,document
2024,"14,000 acres",1.0,document
2024,The Bhadla Solar Park,1.0,document
India,National Solar Mission,1.0,document
India,"2,245 megawatts",1.0,document
India,70,1.0,document
India,Rajasthan,1.0,document
India,280,1.0,document
India,0.038,1.0,document
India,"14,000 acres",1.0,document
India,The Bhadla Solar Park,1.0,document
National Solar Mission,"2,245 megawatts",1.0,document
National Solar Mission,70,1.0,document
National Solar Mission,2030,1.0,document
National Solar Mission,Rajasthan,1.0,document
National Solar Mission,280,1.0,document
National Solar Mission,0.038,1.0,document
National Solar Mission,"14,000 acres",1.0,document
National Solar Mission,The Bhadla Solar Park,1.0,document
"2,245 megawatts",70,1.0,document
"2,245 megawatts",2030,1.0,document
"2,245 megawatts",Rajasthan,1.0,document
"2,245 megawatts",280,1.0,document
"2,245 megawatts",0.038,1.0,document
"2,245 megawatts","14,000 acres",1.0,document
"2,245 megawatts",The Bhadla Solar Park,1.0,document
70,2030,1.0,document
70,Rajasthan,1.0,document
70,280,1.0,document
70,0.038,1.0,document
70,"14,000 acres",1.0,document
70,The Bhadla Solar Park,1.0,document
2030,Rajasthan,1.0,document
2030,280,1.0,document
2030,0.038,1.0,document
2030,"14,000 acres",1.0,document
2030,The Bhadla Solar Park,1.0,document
Rajasthan,280,1.0,document
Rajasthan,0.038,1.0,document
Rajasthan,"14,000 acres",1.0,document
Rajasthan,The Bhadla Solar Park,1.0,document
280,0.038,1.0,document
280,"14,000 acres",1.0,document
280,The Bhadla Solar Park,1.0,document
0.038,"14,000 acres",1.0,document
0.038,The Bhadla Solar Park,1.0,document
"14,000 acres",The Bhadla Solar Park,1.0,document
2024,India,2.0,sentence
2024,National Solar Mission,2.0,sentence
2024,70,2.0,sentence
2024,2030,2.0,sentence
2024,280,2.0,sentence
India,National Solar Mission,2.0,sentence
India,70,2.0,sentence
India,280,2.0,sentence
National Solar Mission,70,2.0,sentence
National Solar Mission,2030,2.0,sentence
National Solar Mission,280,2.0,sentence
70,2030,2.0,sentence
70,280,2.0,sentence
2030,280,2.0,sentence
Rajasthan,"14,000 acres",2.0,sentence
Rajasthan,The Bhadla Solar Park,2.0,sentence
Rajasthan,"2,245 megawatts",2.0,sentence
"14,000 acres",The Bhadla Solar Park,2.0,sentence
"14,000 acres","2,245 megawatts",2.0,sentence
The Bhadla Solar Park,"2,245 megawatts",2.0,sentence
0.038,India,2.0,sentence
30%,0.2 degrees Celsius,1.0,document
30%,The Global Methane Pledge,1.0,document
30%,2050,1.0,document
30%,Glasgow,1.0,document
30%,over 150,1.0,document
30%,2020,1.0,document
0.2 degrees Celsius,The Global Methane Pledge,1.0,document
0.2 degrees Celsius,2050,1.0,document
0.2 degrees Celsius,Glasgow,1.0,document
0.2 degrees Celsius,2030,1.0,document
0.2 degrees Celsius,over 150,1.0,document
0.2 degrees Celsius,2020,1.0,document
The Global Methane Pledge,2050,1.0,document
The Global Methane Pledge,Glasgow,1.0,document
The Global Methane Pledge,2030,1.0,document
The Global Methane Pledge,over 150,1.0,document
The Global Methane Pledge,2020,1.0,document
2050,Glasgow,1.0,document
2050,over 150,1.0,document
2050,2020,1.0,document
Glasgow,over 150,1.0,document
Glasgow,2020,1.0,document
2030,over 150,1.0,document
2030,2020,1.0,document
over 150,2020,1.0,document
30%,The Global Methane Pledge,2.0,sentence
30%,Glasgow,2.0,sentence
30%,over 150,2.0,sentence
30%,2020,2.0,sentence
The Global Methane Pledge,Glasgow,2.0,sentence
The Global Methane Pledge,2030,2.0,sentence
The Global Methane Pledge,over 150,2.0,sentence
The Global Methane Pledge,2020,2.0,sentence
Glasgow,2030,2.0,sentence
Glasgow,over 150,2.0,sentence
Glasgow,2020,2.0,sentence
2030,over 150,2.0,sentence
2030,2020,2.0,sentence
over 150,2020,2.0,sentence
2050,0.2 degrees Celsius,2.0,sentence
2024,Global Risks Report,1.0,document
2024,The World Economic Forum's,1.0,document
2024,10-year,1.0,document
2024,two,1.0,document
Global Risks Report,The World Economic Forum's,1.0,document
Global Risks Report,10-year,1.0,document
Global Risks Report,two,1.0,document
The World Economic Forum's,10-year,1.0,document
The World Economic Forum's,two,1.0,document
10-year,two,1.0,document
2024,Global Risks Report,2.0,sentence
2024,The World Economic Forum's,2.0,sentence
2024,10-year,2.0,sentence
2024,two,2.0,sentence
Global Risks Report,The World Economic Forum's,2.0,sentence
Global Risks Report,10-year,2.0,sentence
Global Risks Report,two,2.0,sentence
The World Economic Forum's,10-year,2.0,sentence
The World Economic Forum's,two,2.0,sentence
10-year,two,2.0,sentence
between 2015 and 2023,the European Space Agency's,1.0,document
between 2015 and 2023,the Jordan Valley,1.0,document
between 2015 and 2023,18%,1.0,document
the European Space Agency's,the Jordan Valley,1.0,document
the European Space Agency's,18%,1.0,document
the Jordan Valley,18%,1.0,document
between 2015 and 2023,the European Space Agency's,2.0,sentence
between 2015 and 2023,the Jordan Valley,2.0,sentence
between 2015 and 2023,18%,2.0,sentence
the European Space Agency's,the Jordan Valley,2.0,sentence
the European Space Agency's,18%,2.0,sentence
the Jordan Valley,18%,2.0,sentence
ويتطلب التكيف,2.5 و3.5,1.0,document
ويتطلب التكيف,التحتية المائية,1.0,document
ويتطلب التكيف,25-30%,1.0,document
ويتطلب التكيف,2070,1.0,document
ويتطلب التكيف,مباشر على الزراعة,1.0,document
2.5 و3.5,التحتية المائية,1.0,document
2.5 و3.5,25-30%,1.0,document
2.5 و3.5,2070,1.0,document
2.5 و3.5,مباشر على الزراعة,1.0,document
التحتية المائية,25-30%,1.0,document
التحتية المائية,2070,1.0,document
التحتية المائية,مباشر على الزراعة,1.0,document
25-30%,2070,1.0,document
25-30%,مباشر على الزراعة,1.0,document
2070,مباشر على الزراعة,1.0,document
2070,25-30%,2.0,sentence
ويتطلب التكيف,التحتية المائية,2.0,sentence
المباني الجامعية باستخدام,خفض,1.0,document
المباني الجامعية باستخدام,2026,1.0,document
المباني الجامعية باستخدام,1.2,1.0,document
المباني الجامعية باستخدام,28%,1.0,document
المباني الجامعية باستخدام,50,1.0,document
خفض,2026,1.0,document
خفض,1.2,1.0,document
خفض,28%,1.0,document
خفض,50,1.0,document
2026,1.2,1.0,document
2026,28%,1.0,document
2026,50,1.0,document
1.2,28%,1.0,document
1.2,50,1.0,document
28%,50,1.0,document
1.2,خفض,2.0,sentence
1.2,28%,2.0,sentence
خفض,28%,2.0,sentence
50,2026,2.0,sentence
أكد المجلس الأعلى,45,1.0,document
أكد المجلس الأعلى,2023,1.0,document
أكد المجلس الأعلى,المناخ,1.0,document
أكد المجلس الأعلى,الإنفاق على البحث,1.0,document
أكد المجلس الأعلى,وتشمل,1.0,document
أكد المجلس الأعلى,استراتيجية التكيف,1.0,document
أكد المجلس الأعلى,الشمسية,1.0,document
أكد المجلس الأعلى,الجاري تنفيذها,1.0,document
45,الإنفاق على البحث,1.0,document
45,استراتيجية التكيف,1.0,document
45,الشمسية,1.0,document
45,الجاري تنفيذها,1.0,document
2023,الإنفاق على البحث,1.0,document
2023,استراتيجية التكيف,1.0,document
2023,الجاري تنفيذها,1.0,document
المناخ,الإنفاق على البحث,1.0,document
المناخ,استراتيجية التكيف,1.0,document
المناخ,الشمسية,1.0,document
المناخ,الجاري تنفيذها,1.0,document
الإنفاق على البحث,وتشمل,1.0,document
الإنفاق على البحث,استراتيجية التكيف,1.0,document
الإنفاق على البحث,الشمسية,1.0,document
الإنفاق على البحث,الجاري تنفيذها,1.0,document
وتشمل,استراتيجية التكيف,1.0,document
وتشمل,الشمسية,1.0,document
وتشمل,الجاري تنفيذها,1.0,document
استراتيجية التكيف,الشمسية,1.0,document
استراتيجية التكيف,الجاري تنفيذها,1.0,document
الشمسية,الجاري تنفيذها,1.0,document
استراتيجية التكيف,المناخ,2.0,sentence
وتشمل,الشمسية,2.0,sentence
وتشمل,الجاري تنفيذها,2.0,sentence
الشمسية,الجاري تنفيذها,2.0,sentence
45,2023,2.0,sentence
63%,94%,1.0,document
63%,2023,1.0,document
63%,annually,1.0,document
63%,$1.27 trillion,1.0,document
63%,1.5 degrees,1.0,document
63%,only 6%,1.0,document
63%,2030,1.0,document
63%,The Global Landscape of Climate Finance,1.0,document
63%,2021-2022,1.0,document
63%,$8.1 trillion,1.0,document
63%,the Climate Policy Initiative,1.0,document
94%,2023,1.0,document
94%,annually,1.0,document
94%,$1.27 trillion,1.0,document
94%,1.5 degrees,1.0,document
94%,only 6%,1.0,document
94%,2030,1.0,document
94%,The Global Landscape of Climate Finance,1.0,document
94%,2021-2022,1.0,document
94%,$8.1 trillion,1.0,document
94%,the Climate Policy Initiative,1.0,document
2023,annually,1.0,document
2023,$1.27 trillion,1.0,document
2023,1.5 degrees,1.0,document
2023,only 6%,1.0,document
2023,The Global Landscape of Climate Finance,1.0,document
2023,2021-2022,1.0,document
2023,$8.1 trillion,1.0,document
2023,the Climate Policy Initiative,1.0,document
annually,$1.27 trillion,1.0,document
annually,1.5 degrees,1.0,document
annually,only 6%,1.0,document
annually,The Global Landscape of Climate Finance,1.0,document
annually,2021-2022,1.0,document
annually,$8.1 trillion,1.0,document
annually,the Climate Policy Initiative,1.0,document
$1.27 trillion,1.5 degrees,1.0,document
$1.27 trillion,only 6%,1.0,document
$1.27 trillion,2030,1.0,document
$1.27 trillion,The Global Landscape of Climate Finance,1.0,document
$1.27 trillion,2021-2022,1.0,document
$1.27 trillion,$8.1 trillion,1.0,document
$1.27 trillion,the Climate Policy Initiative,1.0,document
1.5 degrees,only 6%,1.0,document
1.5 degrees,The Global Landscape of Climate Finance,1.0,document
1.5 degrees,2021-2022,1.0,document
1.5 degrees,$8.1 trillion,1.0,document
1.5 degrees,the Climate Policy Initiative,1.0,document
only 6%,2030,1.0,document
only 6%,The Global Landscape of Climate Finance,1.0,document
only 6%,2021-2022,1.0,document
only 6%,$8.1 trillion,1.0,document
only 6%,the Climate Policy Initiative,1.0,document
2030,The Global Landscape of Climate Finance,1.0,document
2030,2021-2022,1.0,document
2030,$8.1 trillion,1.0,document
2030,the Climate Policy Initiative,1.0,document
The Global Landscape of Climate Finance,2021-2022,1.0,document
The Global Landscape of Climate Finance,$8.1 trillion,1.0,document
The Global Landscape of Climate Finance,the Climate Policy Initiative,1.0,document
2021-2022,$8.1 trillion,1.0,document
2021-2022,the Climate Policy Initiative,1.0,document
$8.1 trillion,the Climate Policy Initiative,1.0,document
63%,2023,2.0,sentence
63%,annually,2.0,sentence
63%,$1.27 trillion,2.0,sentence
63%,1.5 degrees,2.0,sentence
63%,2030,2.0,sentence
63%,The Global Landscape of Climate Finance,2.0,sentence
63%,2021-2022,2.0,sentence
63%,$8.1 trillion,2.0,sentence
63%,the Climate Policy Initiative,2.0,sentence
2023,annually,2.0,sentence
2023,$1.27 trillion,2.0,sentence
2023,1.5 degrees,2.0,sentence
2023,The Global Landscape of Climate Finance,2.0,sentence
2023,2021-2022,2.0,sentence
2023,$8.1 trillion,2.0,sentence
2023,the Climate Policy Initiative,2.0,sentence
annually,$1.27 trillion,2.0,sentence
annually,1.5 degrees,2.0,sentence
annually,The Global Landscape of Climate Finance,2.0,sentence
annually,2021-2022,2.0,sentence
annually,$8.1 trillion,2.0,sentence
annually,the Climate Policy Initiative,2.0,sentence
$1.27 trillion,1.5 degrees,2.0,sentence
$1.27 trillion,2030,2.0,sentence
$1.27 trillion,The Global Landscape of Climate Finance,2.0,sentence
$1.27 trillion,2021-2022,2.0,sentence
$1.27 trillion,$8.1 trillion,2.0,sentence
$1.27 trillion,the Climate Policy Initiative,2.0,sentence
1.5 degrees,The Global Landscape of Climate Finance,2.0,sentence
1.5 degrees,2021-2022,2.0,sentence
1.5 degrees,$8.1 trillion,2.0,sentence
1.5 degrees,the Climate Policy Initiative,2.0,sentence
2030,The Global Landscape of Climate Finance,2.0,sentence
2030,2021-2022,2.0,sentence
2030,$8.1 trillion,2.0,sentence
2030,the Climate Policy Initiative,2.0,sentence
The Global Landscape of Climate Finance,2021-2022,2.0,sentence
The Global Landscape of Climate Finance,$8.1 trillion,2.0,sentence
The Global Landscape of Climate Finance,the Climate Policy Initiative,2.0,sentence
2021-2022,$8.1 trillion,2.0,sentence
2021-2022,the Climate Policy Initiative,2.0,sentence
$8.1 trillion,the Climate Policy Initiative,2.0,sentence
only 6%,94%,2.0,sentence
